date,trips,weekday,week,month,rank,top10
2025-01-01,412,Wed,0,Jan,190,FALSE
2025-01-02,387,Thu,0,Jan,242,FALSE
2025-01-03,406,Fri,0,Jan,205,FALSE
2025-01-04,490,Sat,0,Jan,42,FALSE
2025-01-05,388,Sun,0,Jan,240,FALSE
2025-01-06,385,Mon,1,Jan,246,FALSE
2025-01-07,313,Tue,1,Jan,336,FALSE
2025-01-08,322,Wed,1,Jan,327,FALSE
2025-01-09,268,Thu,1,Jan,363,FALSE
2025-01-10,344,Fri,1,Jan,310,FALSE
2025-01-11,387,Sat,1,Jan,243,FALSE
2025-01-12,423,Sun,1,Jan,151,FALSE
2025-01-13,351,Mon,2,Jan,305,FALSE
2025-01-14,339,Tue,2,Jan,313,FALSE
2025-01-15,369,Wed,2,Jan,280,FALSE
2025-01-16,279,Thu,2,Jan,358,FALSE
2025-01-17,334,Fri,2,Jan,317,FALSE
2025-01-18,377,Sat,2,Jan,262,FALSE
2025-01-19,367,Sun,2,Jan,282,FALSE
2025-01-20,280,Mon,3,Jan,357,FALSE
2025-01-21,380,Tue,3,Jan,256,FALSE
2025-01-22,355,Wed,3,Jan,298,FALSE
2025-01-23,335,Thu,3,Jan,315,FALSE
2025-01-24,360,Fri,3,Jan,294,FALSE
2025-01-25,352,Sat,3,Jan,303,FALSE
2025-01-26,415,Sun,3,Jan,181,FALSE
2025-01-27,394,Mon,4,Jan,228,FALSE
2025-01-28,314,Tue,4,Jan,335,FALSE
2025-01-29,342,Wed,4,Jan,312,FALSE
2025-01-30,302,Thu,4,Jan,343,FALSE
2025-01-31,329,Fri,4,Jan,320,FALSE
2025-02-01,414,Sat,4,Feb,183,FALSE
2025-02-02,364,Sun,4,Feb,289,FALSE
2025-02-03,384,Mon,5,Feb,249,FALSE
2025-02-04,382,Tue,5,Feb,250,FALSE
2025-02-05,372,Wed,5,Feb,270,FALSE
2025-02-06,381,Thu,5,Feb,254,FALSE
2025-02-07,429,Fri,5,Feb,132,FALSE
2025-02-08,406,Sat,5,Feb,206,FALSE
2025-02-09,354,Sun,5,Feb,301,FALSE
2025-02-10,318,Mon,6,Feb,330,FALSE
2025-02-11,288,Tue,6,Feb,351,FALSE
2025-02-12,367,Wed,6,Feb,283,FALSE
2025-02-13,281,Thu,6,Feb,356,FALSE
2025-02-14,279,Fri,6,Feb,359,FALSE
2025-02-15,379,Sat,6,Feb,259,FALSE
2025-02-16,464,Sun,6,Feb,59,FALSE
2025-02-17,435,Mon,7,Feb,118,FALSE
2025-02-18,389,Tue,7,Feb,238,FALSE
2025-02-19,378,Wed,7,Feb,261,FALSE
2025-02-20,400,Thu,7,Feb,217,FALSE
2025-02-21,317,Fri,7,Feb,332,FALSE
2025-02-22,405,Sat,7,Feb,211,FALSE
2025-02-23,349,Sun,7,Feb,307,FALSE
2025-02-24,406,Mon,8,Feb,207,FALSE
2025-02-25,382,Tue,8,Feb,251,FALSE
2025-02-26,298,Wed,8,Feb,345,FALSE
2025-02-27,317,Thu,8,Feb,333,FALSE
2025-02-28,337,Fri,8,Feb,314,FALSE
2025-03-01,282,Sat,8,Mar,355,FALSE
2025-03-02,294,Sun,8,Mar,347,FALSE
2025-03-03,308,Mon,9,Mar,339,FALSE
2025-03-04,293,Tue,9,Mar,349,FALSE
2025-03-05,317,Wed,9,Mar,334,FALSE
2025-03-06,318,Thu,9,Mar,331,FALSE
2025-03-07,271,Fri,9,Mar,362,FALSE
2025-03-08,410,Sat,9,Mar,197,FALSE
2025-03-09,392,Sun,9,Mar,233,FALSE
2025-03-10,390,Mon,10,Mar,236,FALSE
2025-03-11,394,Tue,10,Mar,229,FALSE
2025-03-12,283,Wed,10,Mar,354,FALSE
2025-03-13,288,Thu,10,Mar,352,FALSE
2025-03-14,325,Fri,10,Mar,322,FALSE
2025-03-15,376,Sat,10,Mar,264,FALSE
2025-03-16,394,Sun,10,Mar,230,FALSE
2025-03-17,294,Mon,11,Mar,348,FALSE
2025-03-18,421,Tue,11,Mar,163,FALSE
2025-03-19,520,Wed,11,Mar,16,FALSE
2025-03-20,435,Thu,11,Mar,119,FALSE
2025-03-21,364,Fri,11,Mar,290,FALSE
2025-03-22,400,Sat,11,Mar,218,FALSE
2025-03-23,447,Sun,11,Mar,89,FALSE
2025-03-24,366,Mon,12,Mar,287,FALSE
2025-03-25,330,Tue,12,Mar,319,FALSE
2025-03-26,343,Wed,12,Mar,311,FALSE
2025-03-27,303,Thu,12,Mar,341,FALSE
2025-03-28,324,Fri,12,Mar,325,FALSE
2025-03-29,276,Sat,12,Mar,360,FALSE
2025-03-30,274,Sun,12,Mar,361,FALSE
2025-03-31,242,Mon,13,Mar,365,FALSE
2025-04-01,333,Tue,13,Apr,318,FALSE
2025-04-02,349,Wed,13,Apr,308,FALSE
2025-04-03,419,Thu,13,Apr,168,FALSE
2025-04-04,285,Fri,13,Apr,353,FALSE
2025-04-05,409,Sat,13,Apr,202,FALSE
2025-04-06,464,Sun,13,Apr,60,FALSE
2025-04-07,422,Mon,14,Apr,156,FALSE
2025-04-08,375,Tue,14,Apr,266,FALSE
2025-04-09,376,Wed,14,Apr,265,FALSE
2025-04-10,401,Thu,14,Apr,216,FALSE
2025-04-11,348,Fri,14,Apr,309,FALSE
2025-04-12,404,Sat,14,Apr,214,FALSE
2025-04-13,350,Sun,14,Apr,306,FALSE
2025-04-14,298,Mon,15,Apr,346,FALSE
2025-04-15,335,Tue,15,Apr,316,FALSE
2025-04-16,289,Wed,15,Apr,350,FALSE
2025-04-17,380,Thu,15,Apr,257,FALSE
2025-04-18,356,Fri,15,Apr,297,FALSE
2025-04-19,443,Sat,15,Apr,99,FALSE
2025-04-20,468,Sun,15,Apr,55,FALSE
2025-04-21,355,Mon,16,Apr,299,FALSE
2025-04-22,354,Tue,16,Apr,302,FALSE
2025-04-23,420,Wed,16,Apr,166,FALSE
2025-04-24,374,Thu,16,Apr,268,FALSE
2025-04-25,375,Fri,16,Apr,267,FALSE
2025-04-26,418,Sat,16,Apr,171,FALSE
2025-04-27,450,Sun,16,Apr,78,FALSE
2025-04-28,411,Mon,17,Apr,195,FALSE
2025-04-29,433,Tue,17,Apr,124,FALSE
2025-04-30,442,Wed,17,Apr,101,FALSE
2025-05-01,424,Thu,17,May,147,FALSE
2025-05-02,417,Fri,17,May,175,FALSE
2025-05-03,518,Sat,17,May,17,FALSE
2025-05-04,495,Sun,17,May,36,FALSE
2025-05-05,320,Mon,18,May,329,FALSE
2025-05-06,389,Tue,18,May,239,FALSE
2025-05-07,408,Wed,18,May,204,FALSE
2025-05-08,385,Thu,18,May,247,FALSE
2025-05-09,367,Fri,18,May,284,FALSE
2025-05-10,450,Sat,18,May,79,FALSE
2025-05-11,505,Sun,18,May,27,FALSE
2025-05-12,359,Mon,19,May,295,FALSE
2025-05-13,371,Tue,19,May,273,FALSE
2025-05-14,438,Wed,19,May,110,FALSE
2025-05-15,369,Thu,19,May,281,FALSE
2025-05-16,417,Fri,19,May,176,FALSE
2025-05-17,449,Sat,19,May,83,FALSE
2025-05-18,466,Sun,19,May,56,FALSE
2025-05-19,414,Mon,20,May,184,FALSE
2025-05-20,361,Tue,20,May,293,FALSE
2025-05-21,397,Wed,20,May,222,FALSE
2025-05-22,425,Thu,20,May,144,FALSE
2025-05-23,329,Fri,20,May,321,FALSE
2025-05-24,373,Sat,20,May,269,FALSE
2025-05-25,367,Sun,20,May,285,FALSE
2025-05-26,371,Mon,21,May,274,FALSE
2025-05-27,424,Tue,21,May,148,FALSE
2025-05-28,385,Wed,21,May,248,FALSE
2025-05-29,371,Thu,21,May,275,FALSE
2025-05-30,399,Fri,21,May,220,FALSE
2025-05-31,461,Sat,21,May,63,FALSE
2025-06-01,481,Sun,21,Jun,48,FALSE
2025-06-02,395,Mon,22,Jun,226,FALSE
2025-06-03,439,Tue,22,Jun,109,FALSE
2025-06-04,427,Wed,22,Jun,138,FALSE
2025-06-05,372,Thu,22,Jun,271,FALSE
2025-06-06,412,Fri,22,Jun,191,FALSE
2025-06-07,498,Sat,22,Jun,32,FALSE
2025-06-08,438,Sun,22,Jun,111,FALSE
2025-06-09,370,Mon,23,Jun,278,FALSE
2025-06-10,409,Tue,23,Jun,203,FALSE
2025-06-11,427,Wed,23,Jun,139,FALSE
2025-06-12,417,Thu,23,Jun,177,FALSE
2025-06-13,400,Fri,23,Jun,219,FALSE
2025-06-14,523,Sat,23,Jun,11,FALSE
2025-06-15,496,Sun,23,Jun,34,FALSE
2025-06-16,446,Mon,24,Jun,91,FALSE
2025-06-17,396,Tue,24,Jun,224,FALSE
2025-06-18,450,Wed,24,Jun,80,FALSE
2025-06-19,370,Thu,24,Jun,279,FALSE
2025-06-20,449,Fri,24,Jun,84,FALSE
2025-06-21,532,Sat,24,Jun,8,TRUE
2025-06-22,505,Sun,24,Jun,28,FALSE
2025-06-23,437,Mon,25,Jun,116,FALSE
2025-06-24,422,Tue,25,Jun,157,FALSE
2025-06-25,380,Wed,25,Jun,258,FALSE
2025-06-26,403,Thu,25,Jun,215,FALSE
2025-06-27,422,Fri,25,Jun,158,FALSE
2025-06-28,391,Sat,25,Jun,235,FALSE
2025-06-29,372,Sun,25,Jun,272,FALSE
2025-06-30,405,Mon,26,Jun,212,FALSE
2025-07-01,426,Tue,26,Jul,141,FALSE
2025-07-02,419,Wed,26,Jul,169,FALSE
2025-07-03,363,Thu,26,Jul,292,FALSE
2025-07-04,462,Fri,26,Jul,61,FALSE
2025-07-05,506,Sat,26,Jul,26,FALSE
2025-07-06,484,Sun,26,Jul,45,FALSE
2025-07-07,415,Mon,27,Jul,182,FALSE
2025-07-08,425,Tue,27,Jul,145,FALSE
2025-07-09,410,Wed,27,Jul,198,FALSE
2025-07-10,424,Thu,27,Jul,149,FALSE
2025-07-11,410,Fri,27,Jul,199,FALSE
2025-07-12,712,Sat,27,Jul,1,TRUE
2025-07-13,512,Sun,27,Jul,20,FALSE
2025-07-14,440,Mon,28,Jul,106,FALSE
2025-07-15,412,Tue,28,Jul,192,FALSE
2025-07-16,451,Wed,28,Jul,76,FALSE
2025-07-17,453,Thu,28,Jul,71,FALSE
2025-07-18,433,Fri,28,Jul,125,FALSE
2025-07-19,478,Sat,28,Jul,50,FALSE
2025-07-20,513,Sun,28,Jul,19,FALSE
2025-07-21,434,Mon,29,Jul,122,FALSE
2025-07-22,410,Tue,29,Jul,200,FALSE
2025-07-23,410,Wed,29,Jul,201,FALSE
2025-07-24,387,Thu,29,Jul,244,FALSE
2025-07-25,417,Fri,29,Jul,178,FALSE
2025-07-26,455,Sat,29,Jul,68,FALSE
2025-07-27,500,Sun,29,Jul,30,FALSE
2025-07-28,488,Mon,30,Jul,43,FALSE
2025-07-29,406,Tue,30,Jul,208,FALSE
2025-07-30,440,Wed,30,Jul,107,FALSE
2025-07-31,438,Thu,30,Jul,112,FALSE
2025-08-01,414,Fri,30,Aug,185,FALSE
2025-08-02,508,Sat,30,Aug,25,FALSE
2025-08-03,456,Sun,30,Aug,67,FALSE
2025-08-04,418,Mon,31,Aug,172,FALSE
2025-08-05,442,Tue,31,Aug,102,FALSE
2025-08-06,448,Wed,31,Aug,87,FALSE
2025-08-07,429,Thu,31,Aug,133,FALSE
2025-08-08,450,Fri,31,Aug,81,FALSE
2025-08-09,554,Sat,31,Aug,3,TRUE
2025-08-10,493,Sun,31,Aug,37,FALSE
2025-08-11,460,Mon,32,Aug,65,FALSE
2025-08-12,437,Tue,32,Aug,117,FALSE
2025-08-13,422,Wed,32,Aug,159,FALSE
2025-08-14,412,Thu,32,Aug,193,FALSE
2025-08-15,432,Fri,32,Aug,126,FALSE
2025-08-16,523,Sat,32,Aug,12,FALSE
2025-08-17,522,Sun,32,Aug,13,FALSE
2025-08-18,458,Mon,33,Aug,66,FALSE
2025-08-19,423,Tue,33,Aug,152,FALSE
2025-08-20,421,Wed,33,Aug,164,FALSE
2025-08-21,434,Thu,33,Aug,123,FALSE
2025-08-22,429,Fri,33,Aug,134,FALSE
2025-08-23,496,Sat,33,Aug,35,FALSE
2025-08-24,554,Sun,33,Aug,4,TRUE
2025-08-25,470,Mon,34,Aug,52,FALSE
2025-08-26,453,Tue,34,Aug,72,FALSE
2025-08-27,381,Wed,34,Aug,255,FALSE
2025-08-28,441,Thu,34,Aug,104,FALSE
2025-08-29,454,Fri,34,Aug,70,FALSE
2025-08-30,510,Sat,34,Aug,22,FALSE
2025-08-31,521,Sun,34,Aug,15,FALSE
2025-09-01,514,Mon,35,Sep,18,FALSE
2025-09-02,423,Tue,35,Sep,153,FALSE
2025-09-03,430,Wed,35,Sep,131,FALSE
2025-09-04,447,Thu,35,Sep,90,FALSE
2025-09-05,371,Fri,35,Sep,276,FALSE
2025-09-06,387,Sat,35,Sep,245,FALSE
2025-09-07,452,Sun,35,Sep,73,FALSE
2025-09-08,393,Mon,36,Sep,231,FALSE
2025-09-09,406,Tue,36,Sep,209,FALSE
2025-09-10,440,Wed,36,Sep,108,FALSE
2025-09-11,445,Thu,36,Sep,94,FALSE
2025-09-12,435,Fri,36,Sep,120,FALSE
2025-09-13,510,Sat,36,Sep,23,FALSE
2025-09-14,551,Sun,36,Sep,6,TRUE
2025-09-15,452,Mon,37,Sep,74,FALSE
2025-09-16,438,Tue,37,Sep,113,FALSE
2025-09-17,435,Wed,37,Sep,121,FALSE
2025-09-18,422,Thu,37,Sep,160,FALSE
2025-09-19,443,Fri,37,Sep,100,FALSE
2025-09-20,492,Sat,37,Sep,40,FALSE
2025-09-21,476,Sun,37,Sep,51,FALSE
2025-09-22,431,Mon,38,Sep,128,FALSE
2025-09-23,432,Tue,38,Sep,127,FALSE
2025-09-24,452,Wed,38,Sep,75,FALSE
2025-09-25,449,Thu,38,Sep,85,FALSE
2025-09-26,481,Fri,38,Sep,49,FALSE
2025-09-27,531,Sat,38,Sep,9,TRUE
2025-09-28,493,Sun,38,Sep,38,FALSE
2025-09-29,461,Mon,39,Sep,64,FALSE
2025-09-30,441,Tue,39,Sep,105,FALSE
2025-10-01,405,Wed,39,Oct,213,FALSE
2025-10-02,414,Thu,39,Oct,186,FALSE
2025-10-03,428,Fri,39,Oct,136,FALSE
2025-10-04,556,Sat,39,Oct,2,TRUE
2025-10-05,553,Sun,39,Oct,5,TRUE
2025-10-06,438,Mon,40,Oct,114,FALSE
2025-10-07,423,Tue,40,Oct,154,FALSE
2025-10-08,422,Wed,40,Oct,161,FALSE
2025-10-09,466,Thu,40,Oct,57,FALSE
2025-10-10,462,Fri,40,Oct,62,FALSE
2025-10-11,533,Sat,40,Oct,7,TRUE
2025-10-12,413,Sun,40,Oct,187,FALSE
2025-10-13,444,Mon,41,Oct,95,FALSE
2025-10-14,451,Tue,41,Oct,77,FALSE
2025-10-15,427,Wed,41,Oct,140,FALSE
2025-10-16,426,Thu,41,Oct,142,FALSE
2025-10-17,393,Fri,41,Oct,232,FALSE
2025-10-18,425,Sat,41,Oct,146,FALSE
2025-10-19,511,Sun,41,Oct,21,FALSE
2025-10-20,412,Mon,42,Oct,194,FALSE
2025-10-21,426,Tue,42,Oct,143,FALSE
2025-10-22,395,Wed,42,Oct,227,FALSE
2025-10-23,455,Thu,42,Oct,69,FALSE
2025-10-24,429,Fri,42,Oct,135,FALSE
2025-10-25,525,Sat,42,Oct,10,TRUE
2025-10-26,503,Sun,42,Oct,29,FALSE
2025-10-27,444,Mon,43,Oct,96,FALSE
2025-10-28,466,Tue,43,Oct,58,FALSE
2025-10-29,419,Wed,43,Oct,170,FALSE
2025-10-30,303,Thu,43,Oct,342,FALSE
2025-10-31,448,Fri,43,Oct,88,FALSE
2025-11-01,493,Sat,43,Nov,39,FALSE
2025-11-02,444,Sun,43,Nov,97,FALSE
2025-11-03,438,Mon,44,Nov,115,FALSE
2025-11-04,355,Tue,44,Nov,300,FALSE
2025-11-05,382,Wed,44,Nov,252,FALSE
2025-11-06,388,Thu,44,Nov,241,FALSE
2025-11-07,431,Fri,44,Nov,129,FALSE
2025-11-08,510,Sat,44,Nov,24,FALSE
2025-11-09,486,Sun,44,Nov,44,FALSE
2025-11-10,358,Mon,45,Nov,296,FALSE
2025-11-11,377,Tue,45,Nov,263,FALSE
2025-11-12,398,Wed,45,Nov,221,FALSE
2025-11-13,423,Thu,45,Nov,155,FALSE
2025-11-14,367,Fri,45,Nov,286,FALSE
2025-11-15,483,Sat,45,Nov,46,FALSE
2025-11-16,469,Sun,45,Nov,54,FALSE
2025-11-17,416,Mon,46,Nov,180,FALSE
2025-11-18,406,Tue,46,Nov,210,FALSE
2025-11-19,411,Wed,46,Nov,196,FALSE
2025-11-20,392,Thu,46,Nov,234,FALSE
2025-11-21,428,Fri,46,Nov,137,FALSE
2025-11-22,482,Sat,46,Nov,47,FALSE
2025-11-23,498,Sun,46,Nov,33,FALSE
2025-11-24,420,Mon,47,Nov,167,FALSE
2025-11-25,470,Tue,47,Nov,53,FALSE
2025-11-26,379,Wed,47,Nov,260,FALSE
2025-11-27,417,Thu,47,Nov,179,FALSE
2025-11-28,390,Fri,47,Nov,237,FALSE
2025-11-29,396,Sat,47,Nov,225,FALSE
2025-11-30,309,Sun,47,Nov,338,FALSE
2025-12-01,442,Mon,48,Dec,103,FALSE
2025-12-02,422,Tue,48,Dec,162,FALSE
2025-12-03,444,Wed,48,Dec,98,FALSE
2025-12-04,421,Thu,48,Dec,165,FALSE
2025-12-05,371,Fri,48,Dec,277,FALSE
2025-12-06,522,Sat,48,Dec,14,FALSE
2025-12-07,492,Sun,48,Dec,41,FALSE
2025-12-08,397,Mon,49,Dec,223,FALSE
2025-12-09,424,Tue,49,Dec,150,FALSE
2025-12-10,382,Wed,49,Dec,253,FALSE
2025-12-11,365,Thu,49,Dec,288,FALSE
2025-12-12,431,Fri,49,Dec,130,FALSE
2025-12-13,499,Sat,49,Dec,31,FALSE
2025-12-14,446,Sun,49,Dec,92,FALSE
2025-12-15,449,Mon,50,Dec,86,FALSE
2025-12-16,325,Tue,50,Dec,323,FALSE
2025-12-17,413,Wed,50,Dec,188,FALSE
2025-12-18,450,Thu,50,Dec,82,FALSE
2025-12-19,418,Fri,50,Dec,173,FALSE
2025-12-20,446,Sat,50,Dec,93,FALSE
2025-12-21,413,Sun,50,Dec,189,FALSE
2025-12-22,321,Mon,51,Dec,328,FALSE
2025-12-23,306,Tue,51,Dec,340,FALSE
2025-12-24,325,Wed,51,Dec,324,FALSE
2025-12-25,249,Thu,51,Dec,364,FALSE
2025-12-26,312,Fri,51,Dec,337,FALSE
2025-12-27,364,Sat,51,Dec,291,FALSE
2025-12-28,418,Sun,51,Dec,174,FALSE
2025-12-29,299,Mon,52,Dec,344,FALSE
2025-12-30,352,Tue,52,Dec,304,FALSE
2025-12-31,323,Wed,52,Dec,326,FALSE
