date,trips,member_trips,casual_trips,mean_temp_c,total_precip_mm
2025-01-01,412,220,192,12.4,12.1
2025-01-02,387,300,87,12.0,0.0
2025-01-03,406,309,97,12.3,0.0
2025-01-04,490,249,241,13.3,7.0
2025-01-05,388,194,194,12.0,3.9
2025-01-06,385,287,98,11.3,0.0
2025-01-07,313,260,53,7.6,1.8
2025-01-08,322,270,52,7.1,0.0
2025-01-09,268,242,26,4.7,5.7
2025-01-10,344,289,55,7.6,0.0
2025-01-11,387,222,165,10.9,0.0
2025-01-12,423,225,198,9.9,6.5
2025-01-13,351,275,76,9.4,0.0
2025-01-14,339,289,50,5.9,0.0
2025-01-15,369,301,68,8.3,0.0
2025-01-16,279,243,36,7.9,9.5
2025-01-17,334,277,57,7.7,0.0
2025-01-18,377,230,147,9.0,0.0
2025-01-19,367,216,151,8.4,7.4
2025-01-20,280,237,43,9.8,14.6
2025-01-21,380,297,83,10.4,0.0
2025-01-22,355,285,70,10.5,0.0
2025-01-23,335,259,76,12.1,9.9
2025-01-24,360,275,85,11.5,0.0
2025-01-25,352,213,139,8.9,0.0
2025-01-26,415,212,203,11.3,0.0
2025-01-27,394,283,111,12.2,0.0
2025-01-28,314,234,80,12.4,15.2
2025-01-29,342,262,80,9.9,4.0
2025-01-30,302,240,62,8.3,4.8
2025-01-31,329,253,76,9.1,0.0
2025-02-01,414,232,182,10.7,7.2
2025-02-02,364,224,140,7.6,0.0
2025-02-03,384,294,90,12.4,0.0
2025-02-04,382,294,88,10.4,0.0
2025-02-05,372,280,92,11.3,0.0
2025-02-06,381,285,96,11.3,0.0
2025-02-07,429,333,96,13.6,0.0
2025-02-08,406,237,169,11.2,0.0
2025-02-09,354,203,151,9.2,0.0
2025-02-10,318,248,70,8.6,0.0
2025-02-11,288,251,37,5.9,0.0
2025-02-12,367,279,88,9.6,0.0
2025-02-13,281,227,54,11.4,8.5
2025-02-14,279,223,56,10.4,20.7
2025-02-15,379,234,145,9.4,0.0
2025-02-16,464,250,214,11.8,0.0
2025-02-17,435,341,94,13.1,0.0
2025-02-18,389,302,87,10.6,0.0
2025-02-19,378,285,93,11.4,0.0
2025-02-20,400,313,87,11.1,0.0
2025-02-21,317,247,70,9.0,5.2
2025-02-22,405,268,137,8.8,0.0
2025-02-23,349,198,151,9.2,0.0
2025-02-24,406,311,95,11.1,0.0
2025-02-25,382,289,93,11.3,0.0
2025-02-26,298,236,62,8.2,0.0
2025-02-27,317,265,52,7.1,0.0
2025-02-28,337,273,64,8.0,0.0
2025-03-01,282,203,79,5.8,0.0
2025-03-02,294,183,111,8.8,9.7
2025-03-03,308,252,56,7.4,0.0
2025-03-04,293,247,46,6.6,0.0
2025-03-05,317,273,44,6.6,0.0
2025-03-06,318,267,51,5.7,0.0
2025-03-07,271,243,28,4.8,0.0
2025-03-08,410,238,172,9.7,8.0
2025-03-09,392,229,163,10.2,0.0
2025-03-10,390,313,77,11.2,0.0
2025-03-11,394,315,79,9.2,0.0
2025-03-12,283,229,54,8.1,0.0
2025-03-13,288,250,38,6.1,0.0
2025-03-14,325,267,58,6.4,0.0
2025-03-15,376,224,152,8.5,0.0
2025-03-16,394,219,175,11.2,0.0
2025-03-17,294,254,40,7.7,0.0
2025-03-18,421,395,26,4.0,0.0
2025-03-19,520,461,59,7.4,0.0
2025-03-20,435,380,55,6.4,8.9
2025-03-21,364,282,82,8.1,0.0
2025-03-22,400,231,169,9.7,0.0
2025-03-23,447,241,206,11.5,0.0
2025-03-24,366,277,89,10.7,0.0
2025-03-25,330,247,83,10.3,6.2
2025-03-26,343,282,61,8.2,0.0
2025-03-27,303,248,55,7.3,6.4
2025-03-28,324,278,46,7.3,0.0
2025-03-29,276,219,57,5.2,0.0
2025-03-30,274,217,57,3.0,0.0
2025-03-31,242,223,19,4.3,0.0
2025-04-01,333,271,62,7.5,0.0
2025-04-02,349,292,57,9.0,0.0
2025-04-03,419,325,94,12.1,0.0
2025-04-04,285,231,54,10.4,8.1
2025-04-05,409,218,191,10.4,6.5
2025-04-06,464,262,202,12.1,0.0
2025-04-07,422,324,98,13.1,0.0
2025-04-08,375,296,79,10.8,0.0
2025-04-09,376,290,86,10.7,0.0
2025-04-10,401,305,96,10.5,0.0
2025-04-11,348,283,65,9.2,0.0
2025-04-12,404,240,164,9.0,0.0
2025-04-13,350,229,121,8.2,0.0
2025-04-14,298,248,50,7.2,0.0
2025-04-15,335,271,64,8.3,0.0
2025-04-16,289,227,62,8.1,6.8
2025-04-17,380,314,66,10.1,0.0
2025-04-18,356,271,85,11.0,0.0
2025-04-19,443,245,198,11.2,0.0
2025-04-20,468,254,214,11.3,0.0
2025-04-21,355,274,81,9.8,0.0
2025-04-22,354,283,71,10.8,0.0
2025-04-23,420,313,107,14.6,0.0
2025-04-24,374,263,111,11.7,0.0
2025-04-25,375,297,78,11.6,1.6
2025-04-26,418,202,216,13.8,0.0
2025-04-27,450,232,218,15.9,0.0
2025-04-28,411,294,117,15.5,0.0
2025-04-29,433,309,124,18.1,0.0
2025-04-30,442,324,118,15.4,0.0
2025-05-01,424,318,106,13.0,0.0
2025-05-02,417,309,108,14.3,0.0
2025-05-03,518,251,267,14.3,0.0
2025-05-04,495,266,229,13.7,0.0
2025-05-05,320,265,55,10.9,7.1
2025-05-06,389,305,84,11.9,0.0
2025-05-07,408,307,101,13.8,0.0
2025-05-08,385,297,88,10.4,0.0
2025-05-09,367,291,76,12.1,0.0
2025-05-10,450,247,203,11.7,0.0
2025-05-11,505,270,235,13.4,0.0
2025-05-12,359,262,97,14.6,0.0
2025-05-13,371,298,73,12.0,0.0
2025-05-14,438,324,114,14.1,0.0
2025-05-15,369,278,91,12.5,0.0
2025-05-16,417,309,108,13.3,0.0
2025-05-17,449,228,221,13.0,0.0
2025-05-18,466,255,211,13.9,0.0
2025-05-19,414,301,113,13.2,0.0
2025-05-20,361,267,94,11.0,0.0
2025-05-21,397,318,79,10.2,0.0
2025-05-22,425,309,116,12.8,0.0
2025-05-23,329,264,65,10.7,0.0
2025-05-24,373,239,134,8.6,0.0
2025-05-25,367,215,152,8.8,0.0
2025-05-26,371,216,155,9.9,0.0
2025-05-27,424,287,137,14.6,8.0
2025-05-28,385,273,112,12.0,0.0
2025-05-29,371,290,81,11.0,0.0
2025-05-30,399,297,102,12.5,0.0
2025-05-31,461,242,219,14.1,0.0
2025-06-01,481,259,222,12.8,0.0
2025-06-02,395,290,105,13.7,0.0
2025-06-03,439,324,115,14.8,0.0
2025-06-04,427,318,109,13.6,0.0
2025-06-05,372,287,85,12.7,0.0
2025-06-06,412,281,131,13.9,0.0
2025-06-07,498,267,231,12.9,0.0
2025-06-08,438,243,195,11.3,0.0
2025-06-09,370,290,80,10.7,0.0
2025-06-10,409,321,88,11.4,0.0
2025-06-11,427,316,111,13.1,0.0
2025-06-12,417,309,108,13.9,0.0
2025-06-13,400,292,108,14.7,0.0
2025-06-14,523,254,269,18.5,0.0
2025-06-15,496,229,267,20.9,0.0
2025-06-16,446,316,130,19.1,0.0
2025-06-17,396,291,105,18.2,0.0
2025-06-18,450,325,125,19.4,0.0
2025-06-19,370,252,118,16.2,0.0
2025-06-20,449,333,116,16.8,0.0
2025-06-21,532,261,271,19.7,0.0
2025-06-22,505,231,274,18.9,0.0
2025-06-23,437,317,120,15.8,0.0
2025-06-24,422,324,98,12.8,0.0
2025-06-25,380,295,85,11.9,0.0
2025-06-26,403,303,100,13.4,0.0
2025-06-27,422,311,111,12.6,0.0
2025-06-28,391,206,185,12.8,4.0
2025-06-29,372,219,153,12.4,6.5
2025-06-30,405,324,81,12.6,0.0
2025-07-01,426,321,105,14.7,0.0
2025-07-02,419,315,104,12.9,0.0
2025-07-03,363,279,84,12.2,0.0
2025-07-04,462,246,216,12.5,0.0
2025-07-05,506,256,250,14.1,0.0
2025-07-06,484,233,251,16.0,0.0
2025-07-07,415,299,116,15.0,0.0
2025-07-08,425,315,110,13.9,0.0
2025-07-09,410,298,112,15.2,0.0
2025-07-10,424,311,113,16.1,0.0
2025-07-11,410,286,124,16.2,0.0
2025-07-12,712,254,458,17.1,0.0
2025-07-13,512,246,266,18.4,0.0
2025-07-14,440,319,121,17.8,0.0
2025-07-15,412,293,119,17.1,0.0
2025-07-16,451,329,122,16.3,0.0
2025-07-17,453,333,120,17.1,0.0
2025-07-18,433,317,116,16.6,0.0
2025-07-19,478,227,251,18.4,0.0
2025-07-20,513,242,271,18.2,0.0
2025-07-21,434,322,112,17.2,0.0
2025-07-22,410,298,112,15.8,0.0
2025-07-23,410,312,98,14.4,0.0
2025-07-24,387,289,98,15.5,0.0
2025-07-25,417,294,123,16.4,0.0
2025-07-26,455,222,233,17.7,0.0
2025-07-27,500,259,241,17.3,0.0
2025-07-28,488,343,145,18.7,0.0
2025-07-29,406,298,108,16.4,0.0
2025-07-30,440,310,130,17.3,0.0
2025-07-31,438,324,114,20.4,0.0
2025-08-01,414,297,117,22.1,0.0
2025-08-02,508,248,260,24.6,0.0
2025-08-03,456,222,234,25.8,0.0
2025-08-04,418,316,102,25.3,0.0
2025-08-05,442,311,131,23.2,0.0
2025-08-06,448,290,158,22.9,0.0
2025-08-07,429,320,109,21.6,0.0
2025-08-08,450,307,143,23.0,0.0
2025-08-09,554,261,293,22.1,0.0
2025-08-10,493,225,268,19.2,0.0
2025-08-11,460,327,133,20.6,0.0
2025-08-12,437,304,133,21.4,0.0
2025-08-13,422,299,123,20.6,0.0
2025-08-14,412,298,114,19.2,0.0
2025-08-15,432,288,144,20.6,0.0
2025-08-16,523,264,259,24.1,0.0
2025-08-17,522,249,273,18.6,0.0
2025-08-18,458,316,142,20.5,0.0
2025-08-19,423,307,116,20.2,0.0
2025-08-20,421,291,130,20.4,0.0
2025-08-21,434,319,115,19.9,0.0
2025-08-22,429,305,124,19.0,0.0
2025-08-23,496,245,251,21.3,0.0
2025-08-24,554,273,281,21.7,0.0
2025-08-25,470,313,157,22.6,0.0
2025-08-26,453,342,111,21.8,0.0
2025-08-27,381,278,103,23.2,4.9
2025-08-28,441,308,133,19.4,0.0
2025-08-29,454,320,134,21.8,0.0
2025-08-30,510,246,264,18.7,0.0
2025-08-31,521,241,280,20.2,0.0
2025-09-01,514,264,250,20.0,0.0
2025-09-02,423,316,107,21.0,0.0
2025-09-03,430,288,142,22.9,0.0
2025-09-04,447,310,137,21.3,0.0
2025-09-05,371,302,69,28.8,0.0
2025-09-06,387,239,148,28.2,0.0
2025-09-07,452,269,183,28.4,0.0
2025-09-08,393,325,68,28.3,0.0
2025-09-09,406,314,92,26.8,0.0
2025-09-10,440,312,128,17.6,0.0
2025-09-11,445,310,135,18.7,0.0
2025-09-12,435,302,133,17.4,0.0
2025-09-13,510,241,269,20.1,0.0
2025-09-14,551,247,304,21.7,0.0
2025-09-15,452,304,148,21.3,0.0
2025-09-16,438,323,115,19.9,0.0
2025-09-17,435,311,124,20.8,0.0
2025-09-18,422,316,106,21.0,0.0
2025-09-19,443,323,120,19.1,0.0
2025-09-20,492,252,240,17.5,0.0
2025-09-21,476,233,243,17.6,0.0
2025-09-22,431,310,121,18.5,0.0
2025-09-23,432,313,119,17.3,0.0
2025-09-24,452,318,134,19.1,0.0
2025-09-25,449,319,130,20.6,0.0
2025-09-26,481,355,126,20.5,0.0
2025-09-27,531,263,268,20.0,0.0
2025-09-28,493,223,270,21.6,0.0
2025-09-29,461,340,121,22.1,0.0
2025-09-30,441,325,116,19.3,0.0
2025-10-01,405,280,125,19.6,0.0
2025-10-02,414,306,108,19.2,0.0
2025-10-03,428,322,106,20.2,0.0
2025-10-04,556,269,287,21.7,0.0
2025-10-05,553,287,266,18.0,0.0
2025-10-06,438,318,120,22.3,0.0
2025-10-07,423,315,108,16.9,0.0
2025-10-08,422,289,133,16.4,0.0
2025-10-09,466,344,122,21.1,0.0
2025-10-10,462,343,119,21.1,0.0
2025-10-11,533,256,277,23.6,0.0
2025-10-12,413,228,185,21.1,11.8
2025-10-13,444,333,111,19.2,0.0
2025-10-14,451,321,130,20.0,0.0
2025-10-15,427,317,110,16.9,0.0
2025-10-16,426,310,116,16.5,0.0
2025-10-17,393,306,87,17.7,0.0
2025-10-18,425,220,205,17.0,5.4
2025-10-19,511,250,261,18.6,0.0
2025-10-20,412,311,101,17.2,0.0
2025-10-21,426,309,117,18.9,0.0
2025-10-22,395,277,118,20.7,4.0
2025-10-23,455,313,142,17.3,0.0
2025-10-24,429,317,112,17.2,3.3
2025-10-25,525,237,288,15.8,0.0
2025-10-26,503,257,246,16.6,0.0
2025-10-27,444,313,131,14.5,0.0
2025-10-28,466,336,130,17.0,0.0
2025-10-29,419,321,98,17.2,5.2
2025-10-30,303,244,59,16.5,15.4
2025-10-31,448,324,124,16.3,0.0
2025-11-01,493,248,245,17.1,0.0
2025-11-02,444,253,191,12.9,0.0
2025-11-03,438,339,99,13.0,0.0
2025-11-04,355,267,88,11.7,0.0
2025-11-05,382,280,102,13.0,0.0
2025-11-06,388,286,102,14.5,0.0
2025-11-07,431,300,131,17.9,0.0
2025-11-08,510,231,279,17.4,0.0
2025-11-09,486,264,222,14.3,0.0
2025-11-10,358,267,91,16.8,7.1
2025-11-11,377,272,105,15.8,7.4
2025-11-12,398,293,105,16.3,1.3
2025-11-13,423,313,110,19.0,4.2
2025-11-14,367,254,113,16.5,10.8
2025-11-15,483,241,242,14.3,0.0
2025-11-16,469,238,231,15.2,0.0
2025-11-17,416,297,119,16.5,0.0
2025-11-18,406,308,98,15.2,0.0
2025-11-19,411,324,87,12.3,0.0
2025-11-20,392,301,91,12.3,0.0
2025-11-21,428,325,103,15.8,0.0
2025-11-22,482,230,252,14.5,0.0
2025-11-23,498,259,239,14.2,0.0
2025-11-24,420,319,101,12.7,0.0
2025-11-25,470,347,123,15.0,0.0
2025-11-26,379,311,68,12.9,3.5
2025-11-27,417,231,186,11.9,0.0
2025-11-28,390,278,112,15.0,0.0
2025-11-29,396,211,185,11.7,0.0
2025-11-30,309,184,125,13.0,16.0
2025-12-01,442,341,101,14.3,0.0
2025-12-02,422,302,120,16.9,0.0
2025-12-03,444,339,105,15.0,0.0
2025-12-04,421,302,119,13.4,0.0
2025-12-05,371,272,99,13.3,0.0
2025-12-06,522,247,275,15.9,0.0
2025-12-07,492,254,238,17.2,0.0
2025-12-08,397,296,101,14.8,9.6
2025-12-09,424,318,106,14.3,0.0
2025-12-10,382,287,95,12.2,0.0
2025-12-11,365,296,69,9.8,0.0
2025-12-12,431,321,110,14.8,0.0
2025-12-13,499,271,228,13.5,0.0
2025-12-14,446,233,213,14.1,0.0
2025-12-15,449,338,111,14.4,0.0
2025-12-16,325,242,83,16.2,18.3
2025-12-17,413,311,102,16.5,0.0
2025-12-18,450,317,133,18.7,0.0
2025-12-19,418,309,109,14.9,2.2
2025-12-20,446,234,212,12.5,2.7
2025-12-21,413,244,169,9.8,0.0
2025-12-22,321,268,53,8.9,10.5
2025-12-23,306,253,53,8.7,8.1
2025-12-24,325,276,49,5.8,0.0
2025-12-25,249,187,62,4.5,0.0
2025-12-26,312,248,64,7.2,0.0
2025-12-27,364,228,136,8.1,0.0
2025-12-28,418,226,192,10.8,0.0
2025-12-29,299,241,58,8.0,3.0
2025-12-30,352,281,71,9.3,0.0
2025-12-31,323,272,51,8.0,0.0
