rider_type,dow,hour,avg_trips
casual,0,0,0.15
casual,0,1,0.29
casual,0,2,0.25
casual,0,3,0.21
casual,0,4,0.25
casual,0,5,0.58
casual,0,6,0.67
casual,0,7,1.63
casual,0,8,2.27
casual,0,9,3.9
casual,0,10,5.63
casual,0,11,7.0
casual,0,12,9.6
casual,0,13,9.21
casual,0,14,10.96
casual,0,15,9.65
casual,0,16,10.4
casual,0,17,9.1
casual,0,18,7.69
casual,0,19,6.13
casual,0,20,2.92
casual,0,21,1.71
casual,0,22,0.71
casual,0,23,0.46
casual,1,0,0.31
casual,1,1,0.29
casual,1,2,0.35
casual,1,3,0.29
casual,1,4,0.38
casual,1,5,0.37
casual,1,6,0.69
casual,1,7,1.04
casual,1,8,1.96
casual,1,9,3.5
casual,1,10,4.96
casual,1,11,7.02
casual,1,12,8.37
casual,1,13,9.02
casual,1,14,9.46
casual,1,15,10.4
casual,1,16,9.83
casual,1,17,8.83
casual,1,18,7.19
casual,1,19,5.15
casual,1,20,3.02
casual,1,21,1.44
casual,1,22,0.48
casual,1,23,0.37
casual,2,0,0.43
casual,2,1,0.3
casual,2,2,0.21
casual,2,3,0.15
casual,2,4,0.45
casual,2,5,0.43
casual,2,6,0.62
casual,2,7,1.23
casual,2,8,2.09
casual,2,9,3.91
casual,2,10,5.38
casual,2,11,6.92
casual,2,12,9.06
casual,2,13,9.28
casual,2,14,10.21
casual,2,15,9.94
casual,2,16,11.11
casual,2,17,8.91
casual,2,18,7.6
casual,2,19,5.08
casual,2,20,2.94
casual,2,21,1.58
casual,2,22,0.57
casual,2,23,0.4
casual,3,0,0.33
casual,3,1,0.17
casual,3,2,0.38
casual,3,3,0.25
casual,3,4,0.25
casual,3,5,0.46
casual,3,6,0.65
casual,3,7,1.4
casual,3,8,1.81
casual,3,9,3.88
casual,3,10,5.12
casual,3,11,7.35
casual,3,12,8.31
casual,3,13,9.13
casual,3,14,9.58
casual,3,15,10.31
casual,3,16,10.08
casual,3,17,8.58
casual,3,18,7.38
casual,3,19,4.87
casual,3,20,2.4
casual,3,21,1.73
casual,3,22,0.56
casual,3,23,0.44
casual,4,0,0.31
casual,4,1,0.27
casual,4,2,0.35
casual,4,3,0.25
casual,4,4,0.27
casual,4,5,0.58
casual,4,6,0.87
casual,4,7,1.12
casual,4,8,2.19
casual,4,9,3.42
casual,4,10,5.48
casual,4,11,6.73
casual,4,12,8.54
casual,4,13,9.87
casual,4,14,10.56
casual,4,15,10.54
casual,4,16,9.44
casual,4,17,9.25
casual,4,18,7.94
casual,4,19,5.1
casual,4,20,2.98
casual,4,21,1.77
casual,4,22,0.81
casual,4,23,0.52
casual,5,0,0.92
casual,5,1,0.83
casual,5,2,0.73
casual,5,3,0.65
casual,5,4,0.71
casual,5,5,1.12
casual,5,6,1.9
casual,5,7,2.88
casual,5,8,5.15
casual,5,9,7.92
casual,5,10,13.87
casual,5,11,18.85
casual,5,12,22.81
casual,5,13,26.96
casual,5,14,26.58
casual,5,15,24.58
casual,5,16,19.83
casual,5,17,15.25
casual,5,18,9.96
casual,5,19,6.9
casual,5,20,3.79
casual,5,21,2.38
casual,5,22,1.38
casual,5,23,0.92
casual,6,0,0.79
casual,6,1,0.62
casual,6,2,0.85
casual,6,3,0.6
casual,6,4,0.88
casual,6,5,1.13
casual,6,6,2.04
casual,6,7,2.94
casual,6,8,5.02
casual,6,9,8.17
casual,6,10,13.9
casual,6,11,18.65
casual,6,12,23.0
casual,6,13,26.83
casual,6,14,25.06
casual,6,15,23.17
casual,6,16,19.02
casual,6,17,14.19
casual,6,18,9.56
casual,6,19,6.31
casual,6,20,3.42
casual,6,21,2.25
casual,6,22,1.19
casual,6,23,0.98
member,0,0,1.13
member,0,1,1.02
member,0,2,1.06
member,0,3,1.1
member,0,4,1.35
member,0,5,2.88
member,0,6,12.9
member,0,7,34.5
member,0,8,37.15
member,0,9,18.92
member,0,10,10.0
member,0,11,11.04
member,0,12,11.54
member,0,13,11.38
member,0,14,11.21
member,0,15,15.96
member,0,16,30.06
member,0,17,39.62
member,0,18,25.85
member,0,19,11.25
member,0,20,2.81
member,0,21,1.19
member,0,22,1.04
member,0,23,1.1
member,1,0,0.9
member,1,1,1.13
member,1,2,1.08
member,1,3,1.23
member,1,4,1.15
member,1,5,2.67
member,1,6,13.4
member,1,7,35.62
member,1,8,37.02
member,1,9,17.79
member,1,10,10.52
member,1,11,10.65
member,1,12,11.65
member,1,13,10.94
member,1,14,10.23
member,1,15,15.4
member,1,16,31.12
member,1,17,40.87
member,1,18,28.13
member,1,19,10.58
member,1,20,3.12
member,1,21,1.12
member,1,22,1.1
member,1,23,1.0
member,2,0,1.19
member,2,1,0.83
member,2,2,1.17
member,2,3,0.83
member,2,4,1.3
member,2,5,2.7
member,2,6,13.4
member,2,7,36.49
member,2,8,38.49
member,2,9,19.3
member,2,10,9.96
member,2,11,10.72
member,2,12,11.45
member,2,13,10.77
member,2,14,10.34
member,2,15,15.19
member,2,16,29.08
member,2,17,39.21
member,2,18,27.6
member,2,19,9.89
member,2,20,2.96
member,2,21,1.32
member,2,22,1.19
member,2,23,1.09
member,3,0,1.13
member,3,1,1.04
member,3,2,1.15
member,3,3,1.02
member,3,4,1.0
member,3,5,2.98
member,3,6,14.71
member,3,7,33.44
member,3,8,35.19
member,3,9,18.56
member,3,10,10.37
member,3,11,9.88
member,3,12,12.38
member,3,13,11.38
member,3,14,10.81
member,3,15,14.9
member,3,16,28.88
member,3,17,38.83
member,3,18,26.69
member,3,19,10.23
member,3,20,3.17
member,3,21,1.42
member,3,22,0.98
member,3,23,1.27
member,4,0,1.04
member,4,1,1.1
member,4,2,1.44
member,4,3,0.88
member,4,4,1.04
member,4,5,2.87
member,4,6,13.38
member,4,7,33.15
member,4,8,35.4
member,4,9,18.79
member,4,10,10.17
member,4,11,11.19
member,4,12,11.52
member,4,13,10.56
member,4,14,10.81
member,4,15,15.85
member,4,16,30.06
member,4,17,38.21
member,4,18,27.48
member,4,19,10.4
member,4,20,2.65
member,4,21,1.56
member,4,22,1.12
member,4,23,1.23
member,5,0,1.19
member,5,1,1.02
member,5,2,1.08
member,5,3,1.35
member,5,4,1.79
member,5,5,3.17
member,5,6,4.48
member,5,7,7.17
member,5,8,10.56
member,5,9,13.9
member,5,10,19.29
member,5,11,22.31
member,5,12,24.62
member,5,13,26.63
member,5,14,24.23
member,5,15,20.52
member,5,16,17.44
member,5,17,13.35
member,5,18,9.65
member,5,19,6.0
member,5,20,4.12
member,5,21,2.46
member,5,22,1.63
member,5,23,1.29
member,6,0,0.94
member,6,1,0.92
member,6,2,0.96
member,6,3,1.5
member,6,4,1.98
member,6,5,2.73
member,6,6,4.65
member,6,7,7.13
member,6,8,10.58
member,6,9,14.69
member,6,10,19.6
member,6,11,22.46
member,6,12,25.15
member,6,13,25.19
member,6,14,21.9
member,6,15,20.35
member,6,16,17.56
member,6,17,12.08
member,6,18,10.06
member,6,19,5.67
member,6,20,4.23
member,6,21,2.63
member,6,22,2.23
member,6,23,1.6
