date,weekday,week,trips,casual_trips,top5_rank
2025-01-01,2,0,412,192,
2025-01-02,3,0,387,87,
2025-01-03,4,0,406,97,
2025-01-04,5,0,490,241,
2025-01-05,6,0,388,194,
2025-01-06,0,1,385,98,
2025-01-07,1,1,313,53,
2025-01-08,2,1,322,52,
2025-01-09,3,1,268,26,
2025-01-10,4,1,344,55,
2025-01-11,5,1,387,165,
2025-01-12,6,1,423,198,
2025-01-13,0,2,351,76,
2025-01-14,1,2,339,50,
2025-01-15,2,2,369,68,
2025-01-16,3,2,279,36,
2025-01-17,4,2,334,57,
2025-01-18,5,2,377,147,
2025-01-19,6,2,367,151,
2025-01-20,0,3,280,43,
2025-01-21,1,3,380,83,
2025-01-22,2,3,355,70,
2025-01-23,3,3,335,76,
2025-01-24,4,3,360,85,
2025-01-25,5,3,352,139,
2025-01-26,6,3,415,203,
2025-01-27,0,4,394,111,
2025-01-28,1,4,314,80,
2025-01-29,2,4,342,80,
2025-01-30,3,4,302,62,
2025-01-31,4,4,329,76,
2025-02-01,5,4,414,182,
2025-02-02,6,4,364,140,
2025-02-03,0,5,384,90,
2025-02-04,1,5,382,88,
2025-02-05,2,5,372,92,
2025-02-06,3,5,381,96,
2025-02-07,4,5,429,96,
2025-02-08,5,5,406,169,
2025-02-09,6,5,354,151,
2025-02-10,0,6,318,70,
2025-02-11,1,6,288,37,
2025-02-12,2,6,367,88,
2025-02-13,3,6,281,54,
2025-02-14,4,6,279,56,
2025-02-15,5,6,379,145,
2025-02-16,6,6,464,214,
2025-02-17,0,7,435,94,
2025-02-18,1,7,389,87,
2025-02-19,2,7,378,93,
2025-02-20,3,7,400,87,
2025-02-21,4,7,317,70,
2025-02-22,5,7,405,137,
2025-02-23,6,7,349,151,
2025-02-24,0,8,406,95,
2025-02-25,1,8,382,93,
2025-02-26,2,8,298,62,
2025-02-27,3,8,317,52,
2025-02-28,4,8,337,64,
2025-03-01,5,8,282,79,
2025-03-02,6,8,294,111,
2025-03-03,0,9,308,56,
2025-03-04,1,9,293,46,
2025-03-05,2,9,317,44,
2025-03-06,3,9,318,51,
2025-03-07,4,9,271,28,
2025-03-08,5,9,410,172,
2025-03-09,6,9,392,163,
2025-03-10,0,10,390,77,
2025-03-11,1,10,394,79,
2025-03-12,2,10,283,54,
2025-03-13,3,10,288,38,
2025-03-14,4,10,325,58,
2025-03-15,5,10,376,152,
2025-03-16,6,10,394,175,
2025-03-17,0,11,294,40,
2025-03-18,1,11,421,26,
2025-03-19,2,11,520,59,
2025-03-20,3,11,435,55,
2025-03-21,4,11,364,82,
2025-03-22,5,11,400,169,
2025-03-23,6,11,447,206,
2025-03-24,0,12,366,89,
2025-03-25,1,12,330,83,
2025-03-26,2,12,343,61,
2025-03-27,3,12,303,55,
2025-03-28,4,12,324,46,
2025-03-29,5,12,276,57,
2025-03-30,6,12,274,57,
2025-03-31,0,13,242,19,
2025-04-01,1,13,333,62,
2025-04-02,2,13,349,57,
2025-04-03,3,13,419,94,
2025-04-04,4,13,285,54,
2025-04-05,5,13,409,191,
2025-04-06,6,13,464,202,
2025-04-07,0,14,422,98,
2025-04-08,1,14,375,79,
2025-04-09,2,14,376,86,
2025-04-10,3,14,401,96,
2025-04-11,4,14,348,65,
2025-04-12,5,14,404,164,
2025-04-13,6,14,350,121,
2025-04-14,0,15,298,50,
2025-04-15,1,15,335,64,
2025-04-16,2,15,289,62,
2025-04-17,3,15,380,66,
2025-04-18,4,15,356,85,
2025-04-19,5,15,443,198,
2025-04-20,6,15,468,214,
2025-04-21,0,16,355,81,
2025-04-22,1,16,354,71,
2025-04-23,2,16,420,107,
2025-04-24,3,16,374,111,
2025-04-25,4,16,375,78,
2025-04-26,5,16,418,216,
2025-04-27,6,16,450,218,
2025-04-28,0,17,411,117,
2025-04-29,1,17,433,124,
2025-04-30,2,17,442,118,
2025-05-01,3,17,424,106,
2025-05-02,4,17,417,108,
2025-05-03,5,17,518,267,
2025-05-04,6,17,495,229,
2025-05-05,0,18,320,55,
2025-05-06,1,18,389,84,
2025-05-07,2,18,408,101,
2025-05-08,3,18,385,88,
2025-05-09,4,18,367,76,
2025-05-10,5,18,450,203,
2025-05-11,6,18,505,235,
2025-05-12,0,19,359,97,
2025-05-13,1,19,371,73,
2025-05-14,2,19,438,114,
2025-05-15,3,19,369,91,
2025-05-16,4,19,417,108,
2025-05-17,5,19,449,221,
2025-05-18,6,19,466,211,
2025-05-19,0,20,414,113,
2025-05-20,1,20,361,94,
2025-05-21,2,20,397,79,
2025-05-22,3,20,425,116,
2025-05-23,4,20,329,65,
2025-05-24,5,20,373,134,
2025-05-25,6,20,367,152,
2025-05-26,0,21,371,155,
2025-05-27,1,21,424,137,
2025-05-28,2,21,385,112,
2025-05-29,3,21,371,81,
2025-05-30,4,21,399,102,
2025-05-31,5,21,461,219,
2025-06-01,6,21,481,222,
2025-06-02,0,22,395,105,
2025-06-03,1,22,439,115,
2025-06-04,2,22,427,109,
2025-06-05,3,22,372,85,
2025-06-06,4,22,412,131,
2025-06-07,5,22,498,231,
2025-06-08,6,22,438,195,
2025-06-09,0,23,370,80,
2025-06-10,1,23,409,88,
2025-06-11,2,23,427,111,
2025-06-12,3,23,417,108,
2025-06-13,4,23,400,108,
2025-06-14,5,23,523,269,
2025-06-15,6,23,496,267,
2025-06-16,0,24,446,130,
2025-06-17,1,24,396,105,
2025-06-18,2,24,450,125,
2025-06-19,3,24,370,118,
2025-06-20,4,24,449,116,
2025-06-21,5,24,532,271,
2025-06-22,6,24,505,274,
2025-06-23,0,25,437,120,
2025-06-24,1,25,422,98,
2025-06-25,2,25,380,85,
2025-06-26,3,25,403,100,
2025-06-27,4,25,422,111,
2025-06-28,5,25,391,185,
2025-06-29,6,25,372,153,
2025-06-30,0,26,405,81,
2025-07-01,1,26,426,105,
2025-07-02,2,26,419,104,
2025-07-03,3,26,363,84,
2025-07-04,4,26,462,216,
2025-07-05,5,26,506,250,
2025-07-06,6,26,484,251,
2025-07-07,0,27,415,116,
2025-07-08,1,27,425,110,
2025-07-09,2,27,410,112,
2025-07-10,3,27,424,113,
2025-07-11,4,27,410,124,
2025-07-12,5,27,712,458,1.0
2025-07-13,6,27,512,266,
2025-07-14,0,28,440,121,
2025-07-15,1,28,412,119,
2025-07-16,2,28,451,122,
2025-07-17,3,28,453,120,
2025-07-18,4,28,433,116,
2025-07-19,5,28,478,251,
2025-07-20,6,28,513,271,
2025-07-21,0,29,434,112,
2025-07-22,1,29,410,112,
2025-07-23,2,29,410,98,
2025-07-24,3,29,387,98,
2025-07-25,4,29,417,123,
2025-07-26,5,29,455,233,
2025-07-27,6,29,500,241,
2025-07-28,0,30,488,145,
2025-07-29,1,30,406,108,
2025-07-30,2,30,440,130,
2025-07-31,3,30,438,114,
2025-08-01,4,30,414,117,
2025-08-02,5,30,508,260,
2025-08-03,6,30,456,234,
2025-08-04,0,31,418,102,
2025-08-05,1,31,442,131,
2025-08-06,2,31,448,158,
2025-08-07,3,31,429,109,
2025-08-08,4,31,450,143,
2025-08-09,5,31,554,293,3.0
2025-08-10,6,31,493,268,
2025-08-11,0,32,460,133,
2025-08-12,1,32,437,133,
2025-08-13,2,32,422,123,
2025-08-14,3,32,412,114,
2025-08-15,4,32,432,144,
2025-08-16,5,32,523,259,
2025-08-17,6,32,522,273,
2025-08-18,0,33,458,142,
2025-08-19,1,33,423,116,
2025-08-20,2,33,421,130,
2025-08-21,3,33,434,115,
2025-08-22,4,33,429,124,
2025-08-23,5,33,496,251,
2025-08-24,6,33,554,281,4.0
2025-08-25,0,34,470,157,
2025-08-26,1,34,453,111,
2025-08-27,2,34,381,103,
2025-08-28,3,34,441,133,
2025-08-29,4,34,454,134,
2025-08-30,5,34,510,264,
2025-08-31,6,34,521,280,
2025-09-01,0,35,514,250,
2025-09-02,1,35,423,107,
2025-09-03,2,35,430,142,
2025-09-04,3,35,447,137,
2025-09-05,4,35,371,69,
2025-09-06,5,35,387,148,
2025-09-07,6,35,452,183,
2025-09-08,0,36,393,68,
2025-09-09,1,36,406,92,
2025-09-10,2,36,440,128,
2025-09-11,3,36,445,135,
2025-09-12,4,36,435,133,
2025-09-13,5,36,510,269,
2025-09-14,6,36,551,304,
2025-09-15,0,37,452,148,
2025-09-16,1,37,438,115,
2025-09-17,2,37,435,124,
2025-09-18,3,37,422,106,
2025-09-19,4,37,443,120,
2025-09-20,5,37,492,240,
2025-09-21,6,37,476,243,
2025-09-22,0,38,431,121,
2025-09-23,1,38,432,119,
2025-09-24,2,38,452,134,
2025-09-25,3,38,449,130,
2025-09-26,4,38,481,126,
2025-09-27,5,38,531,268,
2025-09-28,6,38,493,270,
2025-09-29,0,39,461,121,
2025-09-30,1,39,441,116,
2025-10-01,2,39,405,125,
2025-10-02,3,39,414,108,
2025-10-03,4,39,428,106,
2025-10-04,5,39,556,287,2.0
2025-10-05,6,39,553,266,5.0
2025-10-06,0,40,438,120,
2025-10-07,1,40,423,108,
2025-10-08,2,40,422,133,
2025-10-09,3,40,466,122,
2025-10-10,4,40,462,119,
2025-10-11,5,40,533,277,
2025-10-12,6,40,413,185,
2025-10-13,0,41,444,111,
2025-10-14,1,41,451,130,
2025-10-15,2,41,427,110,
2025-10-16,3,41,426,116,
2025-10-17,4,41,393,87,
2025-10-18,5,41,425,205,
2025-10-19,6,41,511,261,
2025-10-20,0,42,412,101,
2025-10-21,1,42,426,117,
2025-10-22,2,42,395,118,
2025-10-23,3,42,455,142,
2025-10-24,4,42,429,112,
2025-10-25,5,42,525,288,
2025-10-26,6,42,503,246,
2025-10-27,0,43,444,131,
2025-10-28,1,43,466,130,
2025-10-29,2,43,419,98,
2025-10-30,3,43,303,59,
2025-10-31,4,43,448,124,
2025-11-01,5,43,493,245,
2025-11-02,6,43,444,191,
2025-11-03,0,44,438,99,
2025-11-04,1,44,355,88,
2025-11-05,2,44,382,102,
2025-11-06,3,44,388,102,
2025-11-07,4,44,431,131,
2025-11-08,5,44,510,279,
2025-11-09,6,44,486,222,
2025-11-10,0,45,358,91,
2025-11-11,1,45,377,105,
2025-11-12,2,45,398,105,
2025-11-13,3,45,423,110,
2025-11-14,4,45,367,113,
2025-11-15,5,45,483,242,
2025-11-16,6,45,469,231,
2025-11-17,0,46,416,119,
2025-11-18,1,46,406,98,
2025-11-19,2,46,411,87,
2025-11-20,3,46,392,91,
2025-11-21,4,46,428,103,
2025-11-22,5,46,482,252,
2025-11-23,6,46,498,239,
2025-11-24,0,47,420,101,
2025-11-25,1,47,470,123,
2025-11-26,2,47,379,68,
2025-11-27,3,47,417,186,
2025-11-28,4,47,390,112,
2025-11-29,5,47,396,185,
2025-11-30,6,47,309,125,
2025-12-01,0,48,442,101,
2025-12-02,1,48,422,120,
2025-12-03,2,48,444,105,
2025-12-04,3,48,421,119,
2025-12-05,4,48,371,99,
2025-12-06,5,48,522,275,
2025-12-07,6,48,492,238,
2025-12-08,0,49,397,101,
2025-12-09,1,49,424,106,
2025-12-10,2,49,382,95,
2025-12-11,3,49,365,69,
2025-12-12,4,49,431,110,
2025-12-13,5,49,499,228,
2025-12-14,6,49,446,213,
2025-12-15,0,50,449,111,
2025-12-16,1,50,325,83,
2025-12-17,2,50,413,102,
2025-12-18,3,50,450,133,
2025-12-19,4,50,418,109,
2025-12-20,5,50,446,212,
2025-12-21,6,50,413,169,
2025-12-22,0,51,321,53,
2025-12-23,1,51,306,53,
2025-12-24,2,51,325,49,
2025-12-25,3,51,249,62,
2025-12-26,4,51,312,64,
2025-12-27,5,51,364,136,
2025-12-28,6,51,418,192,
2025-12-29,0,52,299,58,
2025-12-30,1,52,352,71,
2025-12-31,2,52,323,51,
