rider_type,weekday,hour,avg_trips
member,Mon,0,1.135
member,Mon,1,1.019
member,Mon,2,1.058
member,Mon,3,1.096
member,Mon,4,1.346
member,Mon,5,2.885
member,Mon,6,12.904
member,Mon,7,34.5
member,Mon,8,37.154
member,Mon,9,18.923
member,Mon,10,10.0
member,Mon,11,11.038
member,Mon,12,11.538
member,Mon,13,11.385
member,Mon,14,11.212
member,Mon,15,15.962
member,Mon,16,30.058
member,Mon,17,39.615
member,Mon,18,25.846
member,Mon,19,11.25
member,Mon,20,2.808
member,Mon,21,1.192
member,Mon,22,1.038
member,Mon,23,1.096
member,Tue,0,0.904
member,Tue,1,1.135
member,Tue,2,1.077
member,Tue,3,1.231
member,Tue,4,1.154
member,Tue,5,2.673
member,Tue,6,13.404
member,Tue,7,35.615
member,Tue,8,37.019
member,Tue,9,17.788
member,Tue,10,10.519
member,Tue,11,10.654
member,Tue,12,11.654
member,Tue,13,10.942
member,Tue,14,10.231
member,Tue,15,15.404
member,Tue,16,31.115
member,Tue,17,40.865
member,Tue,18,28.135
member,Tue,19,10.577
member,Tue,20,3.115
member,Tue,21,1.115
member,Tue,22,1.096
member,Tue,23,1.0
member,Wed,0,1.189
member,Wed,1,0.83
member,Wed,2,1.17
member,Wed,3,0.83
member,Wed,4,1.302
member,Wed,5,2.698
member,Wed,6,13.396
member,Wed,7,36.491
member,Wed,8,38.491
member,Wed,9,19.302
member,Wed,10,9.962
member,Wed,11,10.717
member,Wed,12,11.453
member,Wed,13,10.774
member,Wed,14,10.34
member,Wed,15,15.189
member,Wed,16,29.075
member,Wed,17,39.208
member,Wed,18,27.604
member,Wed,19,9.887
member,Wed,20,2.962
member,Wed,21,1.321
member,Wed,22,1.189
member,Wed,23,1.094
member,Thu,0,1.135
member,Thu,1,1.038
member,Thu,2,1.154
member,Thu,3,1.019
member,Thu,4,1.0
member,Thu,5,2.981
member,Thu,6,14.712
member,Thu,7,33.442
member,Thu,8,35.192
member,Thu,9,18.558
member,Thu,10,10.365
member,Thu,11,9.885
member,Thu,12,12.385
member,Thu,13,11.385
member,Thu,14,10.808
member,Thu,15,14.904
member,Thu,16,28.885
member,Thu,17,38.827
member,Thu,18,26.692
member,Thu,19,10.231
member,Thu,20,3.173
member,Thu,21,1.423
member,Thu,22,0.981
member,Thu,23,1.269
member,Fri,0,1.038
member,Fri,1,1.096
member,Fri,2,1.442
member,Fri,3,0.885
member,Fri,4,1.038
member,Fri,5,2.865
member,Fri,6,13.385
member,Fri,7,33.154
member,Fri,8,35.404
member,Fri,9,18.788
member,Fri,10,10.173
member,Fri,11,11.192
member,Fri,12,11.519
member,Fri,13,10.558
member,Fri,14,10.808
member,Fri,15,15.846
member,Fri,16,30.058
member,Fri,17,38.212
member,Fri,18,27.481
member,Fri,19,10.404
member,Fri,20,2.654
member,Fri,21,1.558
member,Fri,22,1.115
member,Fri,23,1.231
member,Sat,0,1.192
member,Sat,1,1.019
member,Sat,2,1.077
member,Sat,3,1.346
member,Sat,4,1.788
member,Sat,5,3.173
member,Sat,6,4.481
member,Sat,7,7.173
member,Sat,8,10.558
member,Sat,9,13.904
member,Sat,10,19.288
member,Sat,11,22.308
member,Sat,12,24.615
member,Sat,13,26.635
member,Sat,14,24.231
member,Sat,15,20.519
member,Sat,16,17.442
member,Sat,17,13.346
member,Sat,18,9.654
member,Sat,19,6.0
member,Sat,20,4.115
member,Sat,21,2.462
member,Sat,22,1.635
member,Sat,23,1.288
member,Sun,0,0.942
member,Sun,1,0.923
member,Sun,2,0.962
member,Sun,3,1.5
member,Sun,4,1.981
member,Sun,5,2.731
member,Sun,6,4.654
member,Sun,7,7.135
member,Sun,8,10.577
member,Sun,9,14.692
member,Sun,10,19.596
member,Sun,11,22.462
member,Sun,12,25.154
member,Sun,13,25.192
member,Sun,14,21.904
member,Sun,15,20.346
member,Sun,16,17.558
member,Sun,17,12.077
member,Sun,18,10.058
member,Sun,19,5.673
member,Sun,20,4.231
member,Sun,21,2.635
member,Sun,22,2.231
member,Sun,23,1.596
casual,Mon,0,0.154
casual,Mon,1,0.288
casual,Mon,2,0.25
casual,Mon,3,0.212
casual,Mon,4,0.25
casual,Mon,5,0.577
casual,Mon,6,0.673
casual,Mon,7,1.635
casual,Mon,8,2.269
casual,Mon,9,3.904
casual,Mon,10,5.635
casual,Mon,11,7.0
casual,Mon,12,9.596
casual,Mon,13,9.212
casual,Mon,14,10.962
casual,Mon,15,9.654
casual,Mon,16,10.404
casual,Mon,17,9.096
casual,Mon,18,7.692
casual,Mon,19,6.135
casual,Mon,20,2.923
casual,Mon,21,1.712
casual,Mon,22,0.712
casual,Mon,23,0.462
casual,Tue,0,0.308
casual,Tue,1,0.288
casual,Tue,2,0.346
casual,Tue,3,0.288
casual,Tue,4,0.385
casual,Tue,5,0.365
casual,Tue,6,0.692
casual,Tue,7,1.038
casual,Tue,8,1.962
casual,Tue,9,3.5
casual,Tue,10,4.962
casual,Tue,11,7.019
casual,Tue,12,8.365
casual,Tue,13,9.019
casual,Tue,14,9.462
casual,Tue,15,10.404
casual,Tue,16,9.827
casual,Tue,17,8.827
casual,Tue,18,7.192
casual,Tue,19,5.154
casual,Tue,20,3.019
casual,Tue,21,1.442
casual,Tue,22,0.481
casual,Tue,23,0.365
casual,Wed,0,0.434
casual,Wed,1,0.302
casual,Wed,2,0.208
casual,Wed,3,0.151
casual,Wed,4,0.453
casual,Wed,5,0.434
casual,Wed,6,0.623
casual,Wed,7,1.226
casual,Wed,8,2.094
casual,Wed,9,3.906
casual,Wed,10,5.377
casual,Wed,11,6.925
casual,Wed,12,9.057
casual,Wed,13,9.283
casual,Wed,14,10.208
casual,Wed,15,9.943
casual,Wed,16,11.113
casual,Wed,17,8.906
casual,Wed,18,7.604
casual,Wed,19,5.075
casual,Wed,20,2.943
casual,Wed,21,1.585
casual,Wed,22,0.566
casual,Wed,23,0.396
casual,Thu,0,0.327
casual,Thu,1,0.173
casual,Thu,2,0.385
casual,Thu,3,0.25
casual,Thu,4,0.25
casual,Thu,5,0.462
casual,Thu,6,0.654
casual,Thu,7,1.404
casual,Thu,8,1.808
casual,Thu,9,3.885
casual,Thu,10,5.115
casual,Thu,11,7.346
casual,Thu,12,8.308
casual,Thu,13,9.135
casual,Thu,14,9.577
casual,Thu,15,10.308
casual,Thu,16,10.077
casual,Thu,17,8.577
casual,Thu,18,7.385
casual,Thu,19,4.865
casual,Thu,20,2.404
casual,Thu,21,1.731
casual,Thu,22,0.558
casual,Thu,23,0.442
casual,Fri,0,0.308
casual,Fri,1,0.269
casual,Fri,2,0.346
casual,Fri,3,0.25
casual,Fri,4,0.269
casual,Fri,5,0.577
casual,Fri,6,0.865
casual,Fri,7,1.115
casual,Fri,8,2.192
casual,Fri,9,3.423
casual,Fri,10,5.481
casual,Fri,11,6.731
casual,Fri,12,8.538
casual,Fri,13,9.865
casual,Fri,14,10.558
casual,Fri,15,10.538
casual,Fri,16,9.442
casual,Fri,17,9.25
casual,Fri,18,7.942
casual,Fri,19,5.096
casual,Fri,20,2.981
casual,Fri,21,1.769
casual,Fri,22,0.808
casual,Fri,23,0.519
casual,Sat,0,0.923
casual,Sat,1,0.827
casual,Sat,2,0.731
casual,Sat,3,0.654
casual,Sat,4,0.712
casual,Sat,5,1.115
casual,Sat,6,1.904
casual,Sat,7,2.885
casual,Sat,8,5.154
casual,Sat,9,7.923
casual,Sat,10,13.865
casual,Sat,11,18.846
casual,Sat,12,22.808
casual,Sat,13,26.962
casual,Sat,14,26.577
casual,Sat,15,24.577
casual,Sat,16,19.827
casual,Sat,17,15.25
casual,Sat,18,9.962
casual,Sat,19,6.904
casual,Sat,20,3.788
casual,Sat,21,2.385
casual,Sat,22,1.385
casual,Sat,23,0.923
casual,Sun,0,0.788
casual,Sun,1,0.615
casual,Sun,2,0.846
casual,Sun,3,0.596
casual,Sun,4,0.885
casual,Sun,5,1.135
casual,Sun,6,2.038
casual,Sun,7,2.942
casual,Sun,8,5.019
casual,Sun,9,8.173
casual,Sun,10,13.904
casual,Sun,11,18.654
casual,Sun,12,23.0
casual,Sun,13,26.827
casual,Sun,14,25.058
casual,Sun,15,23.173
casual,Sun,16,19.019
casual,Sun,17,14.192
casual,Sun,18,9.558
casual,Sun,19,6.308
casual,Sun,20,3.423
casual,Sun,21,2.25
casual,Sun,22,1.192
casual,Sun,23,0.981
