date,day_of_week,trips,member_trips,casual_trips,ebike_trips,avg_duration_min,mean_temp_c,total_precip_mm
2025-01-01,Wednesday,412,220,192,120,20.9,12.4,12.1
2025-01-02,Thursday,387,300,87,118,17.5,12.0,0.0
2025-01-03,Friday,406,309,97,128,17.4,12.3,0.0
2025-01-04,Saturday,490,249,241,139,21.5,13.3,7.0
2025-01-05,Sunday,388,194,194,115,23.6,12.0,3.9
2025-01-06,Monday,385,287,98,114,18.4,11.3,0.0
2025-01-07,Tuesday,313,260,53,95,17.1,7.6,1.8
2025-01-08,Wednesday,322,270,52,91,15.6,7.1,0.0
2025-01-09,Thursday,268,242,26,78,16.7,4.7,5.7
2025-01-10,Friday,344,289,55,93,16.4,7.6,0.0
2025-01-11,Saturday,387,222,165,114,19.6,10.9,0.0
2025-01-12,Sunday,423,225,198,112,22.6,9.9,6.5
2025-01-13,Monday,351,275,76,111,17.9,9.4,0.0
2025-01-14,Tuesday,339,289,50,98,16.3,5.9,0.0
2025-01-15,Wednesday,369,301,68,105,17.0,8.3,0.0
2025-01-16,Thursday,279,243,36,78,16.5,7.9,9.5
2025-01-17,Friday,334,277,57,94,17.5,7.7,0.0
2025-01-18,Saturday,377,230,147,109,20.7,9.0,0.0
2025-01-19,Sunday,367,216,151,112,20.0,8.4,7.4
2025-01-20,Monday,280,237,43,86,16.8,9.8,14.6
2025-01-21,Tuesday,380,297,83,116,17.4,10.4,0.0
2025-01-22,Wednesday,355,285,70,93,17.4,10.5,0.0
2025-01-23,Thursday,335,259,76,91,18.0,12.1,9.9
2025-01-24,Friday,360,275,85,123,18.1,11.5,0.0
2025-01-25,Saturday,352,213,139,105,20.0,8.9,0.0
2025-01-26,Sunday,415,212,203,115,21.6,11.3,0.0
2025-01-27,Monday,394,283,111,99,19.1,12.2,0.0
2025-01-28,Tuesday,314,234,80,97,18.0,12.4,15.2
2025-01-29,Wednesday,342,262,80,98,17.9,9.9,4.0
2025-01-30,Thursday,302,240,62,83,17.7,8.3,4.8
2025-01-31,Friday,329,253,76,114,17.7,9.1,0.0
2025-02-01,Saturday,414,232,182,112,21.3,10.7,7.2
2025-02-02,Sunday,364,224,140,112,21.5,7.6,0.0
2025-02-03,Monday,384,294,90,113,18.9,12.4,0.0
2025-02-04,Tuesday,382,294,88,110,18.3,10.4,0.0
2025-02-05,Wednesday,372,280,92,120,18.6,11.3,0.0
2025-02-06,Thursday,381,285,96,120,18.1,11.3,0.0
2025-02-07,Friday,429,333,96,124,17.9,13.6,0.0
2025-02-08,Saturday,406,237,169,122,22.5,11.2,0.0
2025-02-09,Sunday,354,203,151,100,21.1,9.2,0.0
2025-02-10,Monday,318,248,70,105,17.4,8.6,0.0
2025-02-11,Tuesday,288,251,37,83,16.3,5.9,0.0
2025-02-12,Wednesday,367,279,88,105,19.1,9.6,0.0
2025-02-13,Thursday,281,227,54,80,17.0,11.4,8.5
2025-02-14,Friday,279,223,56,92,18.1,10.4,20.7
2025-02-15,Saturday,379,234,145,121,19.8,9.4,0.0
2025-02-16,Sunday,464,250,214,147,21.4,11.8,0.0
2025-02-17,Monday,435,341,94,136,18.0,13.1,0.0
2025-02-18,Tuesday,389,302,87,118,17.7,10.6,0.0
2025-02-19,Wednesday,378,285,93,123,18.7,11.4,0.0
2025-02-20,Thursday,400,313,87,140,18.4,11.1,0.0
2025-02-21,Friday,317,247,70,109,17.6,9.0,5.2
2025-02-22,Saturday,405,268,137,124,18.9,8.8,0.0
2025-02-23,Sunday,349,198,151,105,20.2,9.2,0.0
2025-02-24,Monday,406,311,95,113,17.9,11.1,0.0
2025-02-25,Tuesday,382,289,93,112,16.9,11.3,0.0
2025-02-26,Wednesday,298,236,62,74,18.8,8.2,0.0
2025-02-27,Thursday,317,265,52,110,15.9,7.1,0.0
2025-02-28,Friday,337,273,64,109,16.9,8.0,0.0
2025-03-01,Saturday,282,203,79,91,19.7,5.8,0.0
2025-03-02,Sunday,294,183,111,80,19.5,8.8,9.7
2025-03-03,Monday,308,252,56,93,18.1,7.4,0.0
2025-03-04,Tuesday,293,247,46,95,17.6,6.6,0.0
2025-03-05,Wednesday,317,273,44,103,15.0,6.6,0.0
2025-03-06,Thursday,318,267,51,95,16.4,5.7,0.0
2025-03-07,Friday,271,243,28,85,15.0,4.8,0.0
2025-03-08,Saturday,410,238,172,109,20.1,9.7,8.0
2025-03-09,Sunday,392,229,163,117,21.1,10.2,0.0
2025-03-10,Monday,390,313,77,113,18.1,11.2,0.0
2025-03-11,Tuesday,394,315,79,122,17.6,9.2,0.0
2025-03-12,Wednesday,283,229,54,73,17.5,8.1,0.0
2025-03-13,Thursday,288,250,38,93,16.8,6.1,0.0
2025-03-14,Friday,325,267,58,108,16.2,6.4,0.0
2025-03-15,Saturday,376,224,152,99,19.7,8.5,0.0
2025-03-16,Sunday,394,219,175,121,20.2,11.2,0.0
2025-03-17,Monday,294,254,40,89,16.6,7.7,0.0
2025-03-18,Tuesday,421,395,26,152,14.7,4.0,0.0
2025-03-19,Wednesday,520,461,59,148,16.2,7.4,0.0
2025-03-20,Thursday,435,380,55,158,15.5,6.4,8.9
2025-03-21,Friday,364,282,82,114,18.9,8.1,0.0
2025-03-22,Saturday,400,231,169,130,19.3,9.7,0.0
2025-03-23,Sunday,447,241,206,116,20.1,11.5,0.0
2025-03-24,Monday,366,277,89,113,18.7,10.7,0.0
2025-03-25,Tuesday,330,247,83,107,17.6,10.3,6.2
2025-03-26,Wednesday,343,282,61,103,17.5,8.2,0.0
2025-03-27,Thursday,303,248,55,90,16.8,7.3,6.4
2025-03-28,Friday,324,278,46,111,16.1,7.3,0.0
2025-03-29,Saturday,276,219,57,89,17.3,5.2,0.0
2025-03-30,Sunday,274,217,57,82,17.4,3.0,0.0
2025-03-31,Monday,242,223,19,72,16.2,4.3,0.0
2025-04-01,Tuesday,333,271,62,123,17.3,7.5,0.0
2025-04-02,Wednesday,349,292,57,117,16.3,9.0,0.0
2025-04-03,Thursday,419,325,94,132,17.1,12.1,0.0
2025-04-04,Friday,285,231,54,86,16.6,10.4,8.1
2025-04-05,Saturday,409,218,191,139,21.1,10.4,6.5
2025-04-06,Sunday,464,262,202,164,20.5,12.1,0.0
2025-04-07,Monday,422,324,98,137,18.8,13.1,0.0
2025-04-08,Tuesday,375,296,79,130,17.9,10.8,0.0
2025-04-09,Wednesday,376,290,86,126,17.1,10.7,0.0
2025-04-10,Thursday,401,305,96,117,18.4,10.5,0.0
2025-04-11,Friday,348,283,65,104,17.0,9.2,0.0
2025-04-12,Saturday,404,240,164,119,20.4,9.0,0.0
2025-04-13,Sunday,350,229,121,112,19.9,8.2,0.0
2025-04-14,Monday,298,248,50,106,16.2,7.2,0.0
2025-04-15,Tuesday,335,271,64,124,17.4,8.3,0.0
2025-04-16,Wednesday,289,227,62,82,17.4,8.1,6.8
2025-04-17,Thursday,380,314,66,135,17.6,10.1,0.0
2025-04-18,Friday,356,271,85,118,18.0,11.0,0.0
2025-04-19,Saturday,443,245,198,130,23.0,11.2,0.0
2025-04-20,Sunday,468,254,214,152,20.9,11.3,0.0
2025-04-21,Monday,355,274,81,117,18.7,9.8,0.0
2025-04-22,Tuesday,354,283,71,120,16.3,10.8,0.0
2025-04-23,Wednesday,420,313,107,130,19.7,14.6,0.0
2025-04-24,Thursday,374,263,111,120,19.0,11.7,0.0
2025-04-25,Friday,375,297,78,120,18.0,11.6,1.6
2025-04-26,Saturday,418,202,216,137,20.3,13.8,0.0
2025-04-27,Sunday,450,232,218,151,20.8,15.9,0.0
2025-04-28,Monday,411,294,117,135,19.2,15.5,0.0
2025-04-29,Tuesday,433,309,124,140,19.4,18.1,0.0
2025-04-30,Wednesday,442,324,118,156,18.2,15.4,0.0
2025-05-01,Thursday,424,318,106,140,18.2,13.0,0.0
2025-05-02,Friday,417,309,108,147,18.1,14.3,0.0
2025-05-03,Saturday,518,251,267,165,23.5,14.3,0.0
2025-05-04,Sunday,495,266,229,158,20.7,13.7,0.0
2025-05-05,Monday,320,265,55,125,16.2,10.9,7.1
2025-05-06,Tuesday,389,305,84,124,18.9,11.9,0.0
2025-05-07,Wednesday,408,307,101,132,18.0,13.8,0.0
2025-05-08,Thursday,385,297,88,127,18.8,10.4,0.0
2025-05-09,Friday,367,291,76,133,17.4,12.1,0.0
2025-05-10,Saturday,450,247,203,139,20.3,11.7,0.0
2025-05-11,Sunday,505,270,235,158,20.4,13.4,0.0
2025-05-12,Monday,359,262,97,101,18.9,14.6,0.0
2025-05-13,Tuesday,371,298,73,129,17.1,12.0,0.0
2025-05-14,Wednesday,438,324,114,140,18.3,14.1,0.0
2025-05-15,Thursday,369,278,91,122,19.1,12.5,0.0
2025-05-16,Friday,417,309,108,118,18.9,13.3,0.0
2025-05-17,Saturday,449,228,221,129,21.0,13.0,0.0
2025-05-18,Sunday,466,255,211,157,21.7,13.9,0.0
2025-05-19,Monday,414,301,113,126,17.1,13.2,0.0
2025-05-20,Tuesday,361,267,94,130,18.6,11.0,0.0
2025-05-21,Wednesday,397,318,79,130,16.4,10.2,0.0
2025-05-22,Thursday,425,309,116,138,18.5,12.8,0.0
2025-05-23,Friday,329,264,65,116,18.2,10.7,0.0
2025-05-24,Saturday,373,239,134,122,19.8,8.6,0.0
2025-05-25,Sunday,367,215,152,114,20.1,8.8,0.0
2025-05-26,Monday,371,216,155,99,19.8,9.9,0.0
2025-05-27,Tuesday,424,287,137,143,19.5,14.6,8.0
2025-05-28,Wednesday,385,273,112,119,19.7,12.0,0.0
2025-05-29,Thursday,371,290,81,128,16.6,11.0,0.0
2025-05-30,Friday,399,297,102,148,17.4,12.5,0.0
2025-05-31,Saturday,461,242,219,133,23.0,14.1,0.0
2025-06-01,Sunday,481,259,222,141,21.2,12.8,0.0
2025-06-02,Monday,395,290,105,135,19.7,13.7,0.0
2025-06-03,Tuesday,439,324,115,166,17.7,14.8,0.0
2025-06-04,Wednesday,427,318,109,133,16.9,13.6,0.0
2025-06-05,Thursday,372,287,85,120,17.8,12.7,0.0
2025-06-06,Friday,412,281,131,142,18.9,13.9,0.0
2025-06-07,Saturday,498,267,231,171,20.2,12.9,0.0
2025-06-08,Sunday,438,243,195,135,22.2,11.3,0.0
2025-06-09,Monday,370,290,80,129,17.6,10.7,0.0
2025-06-10,Tuesday,409,321,88,147,17.3,11.4,0.0
2025-06-11,Wednesday,427,316,111,144,18.1,13.1,0.0
2025-06-12,Thursday,417,309,108,142,19.0,13.9,0.0
2025-06-13,Friday,400,292,108,128,18.5,14.7,0.0
2025-06-14,Saturday,523,254,269,165,21.7,18.5,0.0
2025-06-15,Sunday,496,229,267,176,22.0,20.9,0.0
2025-06-16,Monday,446,316,130,138,18.6,19.1,0.0
2025-06-17,Tuesday,396,291,105,150,17.0,18.2,0.0
2025-06-18,Wednesday,450,325,125,153,18.5,19.4,0.0
2025-06-19,Thursday,370,252,118,128,19.3,16.2,0.0
2025-06-20,Friday,449,333,116,159,19.2,16.8,0.0
2025-06-21,Saturday,532,261,271,193,21.6,19.7,0.0
2025-06-22,Sunday,505,231,274,168,22.1,18.9,0.0
2025-06-23,Monday,437,317,120,147,18.3,15.8,0.0
2025-06-24,Tuesday,422,324,98,136,17.9,12.8,0.0
2025-06-25,Wednesday,380,295,85,147,19.1,11.9,0.0
2025-06-26,Thursday,403,303,100,131,17.1,13.4,0.0
2025-06-27,Friday,422,311,111,148,19.2,12.6,0.0
2025-06-28,Saturday,391,206,185,115,23.9,12.8,4.0
2025-06-29,Sunday,372,219,153,117,20.2,12.4,6.5
2025-06-30,Monday,405,324,81,142,17.3,12.6,0.0
2025-07-01,Tuesday,426,321,105,108,18.6,14.7,0.0
2025-07-02,Wednesday,419,315,104,108,18.3,12.9,0.0
2025-07-03,Thursday,363,279,84,92,18.0,12.2,0.0
2025-07-04,Friday,462,246,216,143,22.0,12.5,0.0
2025-07-05,Saturday,506,256,250,125,24.2,14.1,0.0
2025-07-06,Sunday,484,233,251,135,22.9,16.0,0.0
2025-07-07,Monday,415,299,116,117,19.6,15.0,0.0
2025-07-08,Tuesday,425,315,110,117,19.1,13.9,0.0
2025-07-09,Wednesday,410,298,112,108,18.1,15.2,0.0
2025-07-10,Thursday,424,311,113,121,19.0,16.1,0.0
2025-07-11,Friday,410,286,124,110,19.2,16.2,0.0
2025-07-12,Saturday,712,254,458,221,26.5,17.1,0.0
2025-07-13,Sunday,512,246,266,142,22.9,18.4,0.0
2025-07-14,Monday,440,319,121,132,19.5,17.8,0.0
2025-07-15,Tuesday,412,293,119,114,20.2,17.1,0.0
2025-07-16,Wednesday,451,329,122,110,19.1,16.3,0.0
2025-07-17,Thursday,453,333,120,112,19.1,17.1,0.0
2025-07-18,Friday,433,317,116,132,19.3,16.6,0.0
2025-07-19,Saturday,478,227,251,136,21.5,18.4,0.0
2025-07-20,Sunday,513,242,271,154,21.6,18.2,0.0
2025-07-21,Monday,434,322,112,123,19.4,17.2,0.0
2025-07-22,Tuesday,410,298,112,109,19.7,15.8,0.0
2025-07-23,Wednesday,410,312,98,112,17.4,14.4,0.0
2025-07-24,Thursday,387,289,98,108,18.0,15.5,0.0
2025-07-25,Friday,417,294,123,119,19.4,16.4,0.0
2025-07-26,Saturday,455,222,233,125,22.4,17.7,0.0
2025-07-27,Sunday,500,259,241,125,21.8,17.3,0.0
2025-07-28,Monday,488,343,145,130,19.2,18.7,0.0
2025-07-29,Tuesday,406,298,108,125,18.7,16.4,0.0
2025-07-30,Wednesday,440,310,130,114,19.6,17.3,0.0
2025-07-31,Thursday,438,324,114,126,20.5,20.4,0.0
2025-08-01,Friday,414,297,117,106,20.2,22.1,0.0
2025-08-02,Saturday,508,248,260,152,24.1,24.6,0.0
2025-08-03,Sunday,456,222,234,131,22.8,25.8,0.0
2025-08-04,Monday,418,316,102,116,19.4,25.3,0.0
2025-08-05,Tuesday,442,311,131,127,19.5,23.2,0.0
2025-08-06,Wednesday,448,290,158,134,20.0,22.9,0.0
2025-08-07,Thursday,429,320,109,114,18.8,21.6,0.0
2025-08-08,Friday,450,307,143,136,20.6,23.0,0.0
2025-08-09,Saturday,554,261,293,159,23.6,22.1,0.0
2025-08-10,Sunday,493,225,268,140,23.2,19.2,0.0
2025-08-11,Monday,460,327,133,127,19.4,20.6,0.0
2025-08-12,Tuesday,437,304,133,112,19.5,21.4,0.0
2025-08-13,Wednesday,422,299,123,104,20.6,20.6,0.0
2025-08-14,Thursday,412,298,114,120,20.4,19.2,0.0
2025-08-15,Friday,432,288,144,134,19.9,20.6,0.0
2025-08-16,Saturday,523,264,259,125,22.0,24.1,0.0
2025-08-17,Sunday,522,249,273,147,23.4,18.6,0.0
2025-08-18,Monday,458,316,142,132,18.4,20.5,0.0
2025-08-19,Tuesday,423,307,116,124,19.1,20.2,0.0
2025-08-20,Wednesday,421,291,130,122,20.3,20.4,0.0
2025-08-21,Thursday,434,319,115,118,19.6,19.9,0.0
2025-08-22,Friday,429,305,124,120,18.7,19.0,0.0
2025-08-23,Saturday,496,245,251,145,22.3,21.3,0.0
2025-08-24,Sunday,554,273,281,169,22.6,21.7,0.0
2025-08-25,Monday,470,313,157,140,19.7,22.6,0.0
2025-08-26,Tuesday,453,342,111,141,18.7,21.8,0.0
2025-08-27,Wednesday,381,278,103,110,19.4,23.2,4.9
2025-08-28,Thursday,441,308,133,127,19.3,19.4,0.0
2025-08-29,Friday,454,320,134,122,19.6,21.8,0.0
2025-08-30,Saturday,510,246,264,172,22.8,18.7,0.0
2025-08-31,Sunday,521,241,280,159,22.1,20.2,0.0
2025-09-01,Monday,514,264,250,145,22.3,20.0,0.0
2025-09-02,Tuesday,423,316,107,126,18.3,21.0,0.0
2025-09-03,Wednesday,430,288,142,126,20.0,22.9,0.0
2025-09-04,Thursday,447,310,137,141,18.9,21.3,0.0
2025-09-05,Friday,371,302,69,120,17.7,28.8,0.0
2025-09-06,Saturday,387,239,148,117,20.6,28.2,0.0
2025-09-07,Sunday,452,269,183,133,21.2,28.4,0.0
2025-09-08,Monday,393,325,68,109,18.7,28.3,0.0
2025-09-09,Tuesday,406,314,92,110,20.2,26.8,0.0
2025-09-10,Wednesday,440,312,128,117,20.0,17.6,0.0
2025-09-11,Thursday,445,310,135,129,18.5,18.7,0.0
2025-09-12,Friday,435,302,133,120,19.2,17.4,0.0
2025-09-13,Saturday,510,241,269,148,23.2,20.1,0.0
2025-09-14,Sunday,551,247,304,169,23.1,21.7,0.0
2025-09-15,Monday,452,304,148,141,20.7,21.3,0.0
2025-09-16,Tuesday,438,323,115,130,19.5,19.9,0.0
2025-09-17,Wednesday,435,311,124,138,18.9,20.8,0.0
2025-09-18,Thursday,422,316,106,136,18.3,21.0,0.0
2025-09-19,Friday,443,323,120,135,19.1,19.1,0.0
2025-09-20,Saturday,492,252,240,142,23.6,17.5,0.0
2025-09-21,Sunday,476,233,243,159,23.3,17.6,0.0
2025-09-22,Monday,431,310,121,137,17.9,18.5,0.0
2025-09-23,Tuesday,432,313,119,137,19.1,17.3,0.0
2025-09-24,Wednesday,452,318,134,146,19.5,19.1,0.0
2025-09-25,Thursday,449,319,130,121,19.4,20.6,0.0
2025-09-26,Friday,481,355,126,139,19.7,20.5,0.0
2025-09-27,Saturday,531,263,268,152,23.2,20.0,0.0
2025-09-28,Sunday,493,223,270,151,22.7,21.6,0.0
2025-09-29,Monday,461,340,121,153,18.9,22.1,0.0
2025-09-30,Tuesday,441,325,116,138,19.3,19.3,0.0
2025-10-01,Wednesday,405,280,125,114,19.1,19.6,0.0
2025-10-02,Thursday,414,306,108,118,19.2,19.2,0.0
2025-10-03,Friday,428,322,106,138,18.9,20.2,0.0
2025-10-04,Saturday,556,269,287,169,22.8,21.7,0.0
2025-10-05,Sunday,553,287,266,174,23.1,18.0,0.0
2025-10-06,Monday,438,318,120,138,20.2,22.3,0.0
2025-10-07,Tuesday,423,315,108,135,18.8,16.9,0.0
2025-10-08,Wednesday,422,289,133,119,20.9,16.4,0.0
2025-10-09,Thursday,466,344,122,142,19.1,21.1,0.0
2025-10-10,Friday,462,343,119,149,18.4,21.1,0.0
2025-10-11,Saturday,533,256,277,146,23.6,23.6,0.0
2025-10-12,Sunday,413,228,185,112,21.7,21.1,11.8
2025-10-13,Monday,444,333,111,135,18.8,19.2,0.0
2025-10-14,Tuesday,451,321,130,142,19.5,20.0,0.0
2025-10-15,Wednesday,427,317,110,136,18.5,16.9,0.0
2025-10-16,Thursday,426,310,116,133,19.4,16.5,0.0
2025-10-17,Friday,393,306,87,119,18.7,17.7,0.0
2025-10-18,Saturday,425,220,205,138,22.2,17.0,5.4
2025-10-19,Sunday,511,250,261,166,23.3,18.6,0.0
2025-10-20,Monday,412,311,101,99,20.0,17.2,0.0
2025-10-21,Tuesday,426,309,117,113,18.7,18.9,0.0
2025-10-22,Wednesday,395,277,118,118,20.7,20.7,4.0
2025-10-23,Thursday,455,313,142,156,18.4,17.3,0.0
2025-10-24,Friday,429,317,112,131,19.2,17.2,3.3
2025-10-25,Saturday,525,237,288,168,22.4,15.8,0.0
2025-10-26,Sunday,503,257,246,147,23.4,16.6,0.0
2025-10-27,Monday,444,313,131,130,18.3,14.5,0.0
2025-10-28,Tuesday,466,336,130,140,19.9,17.0,0.0
2025-10-29,Wednesday,419,321,98,137,18.9,17.2,5.2
2025-10-30,Thursday,303,244,59,85,17.6,16.5,15.4
2025-10-31,Friday,448,324,124,128,19.4,16.3,0.0
2025-11-01,Saturday,493,248,245,162,22.0,17.1,0.0
2025-11-02,Sunday,444,253,191,133,21.3,12.9,0.0
2025-11-03,Monday,438,339,99,141,17.8,13.0,0.0
2025-11-04,Tuesday,355,267,88,115,17.9,11.7,0.0
2025-11-05,Wednesday,382,280,102,121,18.5,13.0,0.0
2025-11-06,Thursday,388,286,102,129,17.3,14.5,0.0
2025-11-07,Friday,431,300,131,121,18.4,17.9,0.0
2025-11-08,Saturday,510,231,279,144,23.3,17.4,0.0
2025-11-09,Sunday,486,264,222,155,21.9,14.3,0.0
2025-11-10,Monday,358,267,91,104,18.5,16.8,7.1
2025-11-11,Tuesday,377,272,105,117,18.9,15.8,7.4
2025-11-12,Wednesday,398,293,105,112,20.0,16.3,1.3
2025-11-13,Thursday,423,313,110,142,18.3,19.0,4.2
2025-11-14,Friday,367,254,113,123,19.3,16.5,10.8
2025-11-15,Saturday,483,241,242,147,22.4,14.3,0.0
2025-11-16,Sunday,469,238,231,147,22.4,15.2,0.0
2025-11-17,Monday,416,297,119,138,18.3,16.5,0.0
2025-11-18,Tuesday,406,308,98,125,18.4,15.2,0.0
2025-11-19,Wednesday,411,324,87,152,16.4,12.3,0.0
2025-11-20,Thursday,392,301,91,120,16.9,12.3,0.0
2025-11-21,Friday,428,325,103,131,17.9,15.8,0.0
2025-11-22,Saturday,482,230,252,158,23.1,14.5,0.0
2025-11-23,Sunday,498,259,239,173,22.5,14.2,0.0
2025-11-24,Monday,420,319,101,128,19.6,12.7,0.0
2025-11-25,Tuesday,470,347,123,138,19.6,15.0,0.0
2025-11-26,Wednesday,379,311,68,126,17.8,12.9,3.5
2025-11-27,Thursday,417,231,186,130,21.6,11.9,0.0
2025-11-28,Friday,390,278,112,126,19.4,15.0,0.0
2025-11-29,Saturday,396,211,185,119,22.7,11.7,0.0
2025-11-30,Sunday,309,184,125,91,21.5,13.0,16.0
2025-12-01,Monday,442,341,101,142,17.5,14.3,0.0
2025-12-02,Tuesday,422,302,120,137,19.0,16.9,0.0
2025-12-03,Wednesday,444,339,105,130,19.8,15.0,0.0
2025-12-04,Thursday,421,302,119,140,19.8,13.4,0.0
2025-12-05,Friday,371,272,99,114,18.2,13.3,0.0
2025-12-06,Saturday,522,247,275,177,24.2,15.9,0.0
2025-12-07,Sunday,492,254,238,161,21.2,17.2,0.0
2025-12-08,Monday,397,296,101,138,18.3,14.8,9.6
2025-12-09,Tuesday,424,318,106,144,18.2,14.3,0.0
2025-12-10,Wednesday,382,287,95,103,17.9,12.2,0.0
2025-12-11,Thursday,365,296,69,120,17.2,9.8,0.0
2025-12-12,Friday,431,321,110,127,19.2,14.8,0.0
2025-12-13,Saturday,499,271,228,178,22.9,13.5,0.0
2025-12-14,Sunday,446,233,213,131,22.1,14.1,0.0
2025-12-15,Monday,449,338,111,132,19.0,14.4,0.0
2025-12-16,Tuesday,325,242,83,102,18.7,16.2,18.3
2025-12-17,Wednesday,413,311,102,132,18.7,16.5,0.0
2025-12-18,Thursday,450,317,133,148,19.9,18.7,0.0
2025-12-19,Friday,418,309,109,137,18.4,14.9,2.2
2025-12-20,Saturday,446,234,212,138,21.6,12.5,2.7
2025-12-21,Sunday,413,244,169,131,21.2,9.8,0.0
2025-12-22,Monday,321,268,53,105,17.5,8.9,10.5
2025-12-23,Tuesday,306,253,53,104,17.2,8.7,8.1
2025-12-24,Wednesday,325,276,49,99,17.0,5.8,0.0
2025-12-25,Thursday,249,187,62,77,15.8,4.5,0.0
2025-12-26,Friday,312,248,64,94,17.0,7.2,0.0
2025-12-27,Saturday,364,228,136,110,21.0,8.1,0.0
2025-12-28,Sunday,418,226,192,131,21.8,10.8,0.0
2025-12-29,Monday,299,241,58,112,17.4,8.0,3.0
2025-12-30,Tuesday,352,281,71,124,19.0,9.3,0.0
2025-12-31,Wednesday,323,272,51,98,17.5,8.0,0.0
